Known via,Business Name,Contact Name,Email Address,Phone Number,Website URL,Facebook Page URL,Business Category,Notes
,A Dinner in Paradise,,adinnerinparadise@gmail.com,(305) 905-7732,https://www.adinnerinparadise.com,https://www.facebook.com/p/A-Dinner-In-Paradise-100070574721661/,Dining,
,A Movable Feast,,catering@a-movable-feast.com,(305) 304-0556,https://www.a-movable-feast.com,https://www.facebook.com/AMovableFeastFL/,Dining,
,Atlantic's Edge at Cheeca,,info@cheeca.com,(305) 664-4651,https://www.cheeca.com,https://www.facebook.com/cheecalodge/,Dining,
,Café Moka Islamorada,,,(305) 922-2594,https://tinyurl.com/4zyppu8r,https://www.facebook.com/p/Cafe-moka-Islamorada-100054338988390/,Dining,
,Captain Craig's Restaurant,,info@captcraigs.com,(305) 852-9424,https://www.captcraigs.com,https://www.facebook.com/CaptCraigs/,Dining,
,City Hall Café & Wine Bar,,,(305) 852-3354,https://www.cityhallcafe.net,https://www.facebook.com/p/City-Hall-Cafe-100063533973853/,Dining,
,Coastal Cup & Lounge at Amara Cay Resort,,reservations@amaracayresort.com,(305) 664-0073,https://www.amaracay.com,https://www.facebook.com/AmaraCayResort/,Dining,
,Crooked Palm Cabana,,info@islamoradabeerco.com,(305) 741-7104,https://crookedpalmdistillery.com/cabana,https://www.facebook.com/CrookedPalm/,Dining,
,Day Drippin' Coffee,,daydrippincoffee@gmail.com,(704) 780-6724,https://www.daydrippincoffee.com,https://www.facebook.com/daydrippincoffee/,Dining,
,Drift at the Islander Resort,,info@islanderfloridakeys.com,(305) 664-2031,https://islanderfloridakeys.com,https://www.facebook.com/IslanderResort/,Dining,
,El Framboyan Cuban Cuisine,,info@elframboyan.us,(305) 922-2949,https://www.elframboyan.us,https://www.facebook.com/p/El-Framboyan-Cuban-Cuisine-100082317469917/,Dining,
,Enrico's Pizza,,,(305) 852-2200,https://www.enricospizza.com,https://www.facebook.com/EnricosIslamorada/,Dining,
,F-ing Bagels,,fingbagels@gmail.com,(305) 877-1591,https://f-ingbagels.com,https://www.facebook.com/fingbagels/,Dining,
ILI,Florida Keys Food Tour,,,(305) 394-1028,https://www.flkeysfoodtour.com,https://www.facebook.com/floridakeysfoodtours/,Dining | Things to Do: Attractions,
,Green Turtle Inn,,briel.jeudy@greenturtleinn.com,(305) 664-2006,https://www.greenturtleinn.com,https://www.facebook.com/GreenTurtleKeys/,Dining,
,Hideaway at Three Waters Resort & Marina,,,(305) 664-5300,https://www.threewatersresort.com,https://www.facebook.com/threewatersresort/,Dining,
,Hog Heaven Sports Bar & Grill,,tim@whaleharborgroup.com,(305) 664-9669,https://www.hogheavensportsbar.com,https://www.facebook.com/hogheavenbarandgrill/,Dining,
,Hungry Tarpon Restaurant,,hungry.tarpon@robbies.com,(305) 664-0535,https://www.hungrytarpon.com,https://www.facebook.com/hungrytarpon,Dining,
,Islamorada Brewery and Distillery,,southgm@islamoradabeverages.com,(305) 440-2162,https://www.islamoradabreweryanddistillery.com,https://www.facebook.com/IslamoradaBreweryMM82/,Dining | Things to Do: Attractions,
,Islamorada Fish Company,,,(305) 664-9271,https://www.islamoradafishco.com,https://www.facebook.com/Ifckeys/,Dining,
,Islamorada Shrimp Shack,,Islamoradashrimpshack@aol.com,(305) 664-8433,https://www.islamoradashrimpshack.com,https://www.facebook.com/IslamoradaShrimpShack/,Dining,
,Island Grill,,es@islandgrillkeys.com,(305) 664-8400,https://www.keysislandgrill.com,https://www.facebook.com/islandgrillislamorada/,Dining,
,Italian Food Company,,ciao@italianfoodcompany.com,(305) 780-7127,https://www.italianfoodcompany.com,https://www.facebook.com/italianfoodcompany/,Dining,
,Kaiyo Grill & Sushi,,KaiyoGrill@KaiyoGrill.com,(305) 664-5556,https://www.kaiyokeys.com,https://www.facebook.com/kaiyokeys/,Dining,
,Key Lime Pie Lady,,barbara@keylimepielady.com,(305) 393-9053,https://www.keylimepielady.com,https://www.facebook.com/keylimepielady/,Dining,
,Keys Chocolates & Ice Cream,,info@keylargochocolates.com,(305) 440-3178,https://keys-chocolates-ice-cream.business.site,https://www.facebook.com/KeyLargoChocolates/,Dining | Shopping: Island Shops And Boutiques,
,Lazy Days Restaurant,,John@lazydaysislamorada.com,(305) 664-5256,https://www.lazydaysislamorada.com,https://www.facebook.com/LazyDaysIslamorada/,Dining,
,Lucky Twist at Three Waters Resort & Marina,,,(305) 664-5300,https://www.threewatersresort.com,https://www.facebook.com/threewatersresort/,Dining,
,Mangrove Mike's Café,,connect@mangrovemikescafe.com,(305) 664-8022,https://www.mangrovemikescafe.com,https://www.facebook.com/mangrovemikes/,Dining,
,Marker 88 Restaurant,,info@marker88.info,(305) 852-9315,https://www.marker88.net,https://www.facebook.com/Marker88/,Dining,
,M.E.A.T. Eatery and Taproom,,admin@meateatery.com,(305) 852-3833,https://www.meateatery.com,https://www.facebook.com/MEATEateryAndTaproom/,Dining,
,Mercado Morada at Three Waters Resort & Marina,,,(305) 664-5300,https://www.threewatersresort.com,https://www.facebook.com/threewatersresort/,Dining,
,Mia Cucina at Cheeca,,info@cheeca.com,(305) 664-4651,https://www.cheeca.com,https://www.facebook.com/cheecalodge/,Dining,
,Midway Café & Coffee Bar,,info@midwaycafecoffeebar.com,(305) 664-2622,https://www.midwaycafecoffeebar.com,https://www.facebook.com/MidwayCafeCoffee/,Dining,
,Morada Bay Café,,info@moradabaykeys.com,(305) 664-0604,https://www.moradabaykeys.com,https://www.facebook.com/MoradaBayKeys/,Dining,
,Nikai Sushi Bar & Restaurant at Cheeca,,info@cheeca.com,(305) 664-4651,https://www.cheeca.com,https://www.facebook.com/cheecalodge/,Dining,
,Oceanview Inn & Sports Pub,,resinfo@theocean-view.com,(305) 664-8052,https://www.theocean-view.com,https://www.facebook.com/ovsportspub/,Dining,
,Off the Hook Churrascaria,,offthehookchurrascaria@gmail.com,(305) 684-2111,https://www.offthehookchurrascaria.com,https://www.facebook.com/OffTheHookChurrascaria/,Dining,
,Old Tavernier Restaurant,,,(305) 852-6012,https://www.oldtav.com,https://www.facebook.com/oldtavmm90/,Dining,
,Papa Joe's Waterfront,,Info@papajoeswaterfront.com,(305) 433-4662,https://papajoeswaterfront.com,https://www.facebook.com/PapaJoesWaterfront/,Dining,
,Pierre's Restaurant,,info@moradabaykeys.com,(305) 664-3225,https://www.moradabaykeys.com,https://www.facebook.com/MoradaBayKeys/,Dining,
,ReelCatch at Amara Cay Resort,,reservations@amaracayresort.com,(305) 664-0073,https://www.amaracay.com,https://www.facebook.com/AmaraCayResort/,Dining,
,Sidecar at La Siesta Resort,,,(305) 664-2132,https://www.islamoradaresortcollection.com,https://www.facebook.com/LaSiestaResortandMarina/,Dining,
,Starbucks at Three Waters Resort & Marina,,,(305) 664-5300,https://www.threewatersresort.com,https://www.facebook.com/threewatersresort/,Dining,
,Square Grouper Bar and Grill,,Squaregrouperislamorada@gmail.com,(786) 901-5678,https://www.squaregrouperislamorada.com,https://www.facebook.com/ISLAMORADASQGR/,Dining,
,Sushi Sake,,,(305) 509-7010,https://sushisakemiami.com/sushi-sake-islamorada,https://www.facebook.com/61571697715241,Dining,
,Tides Beachside Grill at the Islander Resort,,info@islanderfloridakeys.com,(305) 664-2031,https://www.islanderfloridakeys.com,https://www.facebook.com/IslanderResort/,Dining,
,Tiki Bar at Amara Cay Resort,,reservations@amaracayresort.com,(305) 664-0073,https://www.amaracay.com,https://www.facebook.com/AmaraCayResort/,Dining,
,Tiki Bar and 25 South at Cheeca,,info@cheeca.com,(305) 664-4651,https://www.cheeca.com,https://www.facebook.com/cheecalodge/,Dining,
,Tiki Bar at Three Waters Resort & Marina,,,(305) 664-5300,https://www.threewatersresort.com,https://www.facebook.com/threewatersresort/,Dining,
,Whale Harbor Restaurants and Marina,,info@whaleharborrestaurant.com,(305) 664-4959,https://www.whaleharborinn.com,https://www.facebook.com/whale.restaurants/,Dining,
,Wahoo's Bar and Grill,,arietta@whaleharborgroup.com,(305) 664-9888,https://www.wahoosbarandgrill.com,https://www.facebook.com/wahoosbarandgrill/,Dining,
,"Whale Harbor Seafood Buffet and Rooftop Bar ""The SandBAR""",,,(305) 664-4940,https://www.whaleharborsandbar.com,https://www.facebook.com/pages/Sandbar-Rooftop-at-Whale-Harbor/480936412318444,Dining,
,Yahuales Red Tacos,,moretes7@hotmail.com,(818) 220-0091,https://www.yahualesredtacosfl.com,https://www.facebook.com/p/Yahuales-red-tacos-100067910251854/,Dining,
,Ziggie & Mad Dog's Restaurant,,,(305) 664-3391,https://www.ziggieandmaddogs.com,https://www.facebook.com/ZiggieMadDogs/,Dining,
,Conch Scramble Charity Golf Tournament,,conchscramblecharitygolf@gmail.com,(305) 393-2725,https://conchscramble.com,https://www.facebook.com/conchscramble,Things to Do: Attractions,
,Curry Hammock State Park,,,(305) 289-2690,https://floridastateparks.org,https://www.facebook.com/CurryHammockOfficial/,Things to Do: Attractions,
,Dolphin Research Center,,drc@dolphins.org,(305) 289-1121,https://dolphins.org,https://www.facebook.com/DolphinResearchCenter/,Things to Do: Attractions,
,Dolphins Plus Bayside,,info@dolphinsplus.com,(305) 451-4060,https://dolphinsplus.com,https://www.facebook.com/Dolphinspluspage/,Things to Do: Attractions,
,Dolphins Plus Marine Mammal Responder,,info@dolphinsplus.com,(305) 453-4321,https://connecttoprotect.org,https://www.facebook.com/connecttoprotectdolphins/,Things to Do: Attractions,
,Everglades Alligator Farm,,info@everglades.com,(305) 247-2628,https://everglades.com,https://www.facebook.com/EvergladesAlligatorFarm/,Things to Do: Attractions,
,Florida Keys Aquarium Encounters,,info@floridakeysaquariumencounters.com,(305) 407-3262,https://floridakeysaquariumencounters.com,https://www.facebook.com/Floridakeysaquariumencounters/,Things to Do: Attractions,
,Florida Keys Celtic Festival,,floridakeyscelticfestival@gmail.com,(305) 797-1704,https://floridakeyscelticfestival.com,https://www.facebook.com/FLKeysCelticFest/,Things to Do: Attractions,
,Florida Keys Community Concert Band,,info@KeysCommunityConcertBand.org,(305) 451-4530,https://keyscommunityconcertband.org,https://www.facebook.com/keyscommunityconcertband/,Things to Do: Attractions,
,Florida Keys Concert Association,,info@floridakeysconcerts.com,(305) 324-6982,https://floridakeysconcerts.com,https://www.facebook.com/FLKCA/,Things to Do: Attractions,
,Florida Keys Eco-Discovery Center,,FKEDC@noaa.gov,(305) 767-3076,https://floridakeys.noaa.gov,,Things to Do: Attractions,
,Florida Keys Wild Bird Rehabilitation Center,,info@fkwbc.org,(305) 852-4486,https://keepthemflying.org,https://www.facebook.com/Keyswildbird/,Things to Do: Attractions,
,Founders Park,,,(305) 853-1685,https://islamorada.fl.us,,Things to Do: Attractions,
,Garden Club of the Upper Keys,,gardenclubupperkeys@gmail.com,(305) 394-4530,https://gardenclubupperkeys.org,https://www.facebook.com/GardenClubOfTheUpperKeys/,Things to Do: Attractions,
,History of Diving Museum,,info@divingmuseum.org,(305) 664-9737,https://divingmuseum.org,https://www.facebook.com/divingmuseum/,Things to Do: Attractions,
,Islamorada Community Entertainment,,director@keysice.com,(305) 395-6344,https://keysice.com,https://www.facebook.com/keyiceFL/,Things to Do: Attractions,
,Indian Key Historic State Park,,,(305) 664-2540,https://floridastateparks.org,https://www.facebook.com/IAstateparks/,Things to Do: Attractions,
,Island Dolphin Care,,contact@islanddolphincare.org,(305) 451-5884,https://islanddolphincare.org,https://www.facebook.com/IDCKeyLargo/,Things to Do: Attractions,
,Keys E-Bikes,,info@keyselectricbike.com,(305) 434-5501,https://keyselectricbike.com,https://www.facebook.com/KeysEbikes/,Things to Do: Attractions,
,Key Players,,jonelle.kop@gmail.com,(305) 393-1893,https://thekeyplayers.org,https://www.facebook.com/TheKeyPlayers/,Things to Do: Attractions,
,Key West Day Tours,,info@keywestdaytours.com,(786) 423-3240,https://keywestdaytours.com,,Things to Do: Attractions,
,Killshot Spearguns,,killshotspearguns@gmail.com,(239) 850-8862,https://killshotguns.com,https://www.facebook.com/killshotspearguns/,Things to Do: Attractions | Shopping: Island Shops And Boutiques,
,Lignumvitae Key Botanical State Park,,,(305) 664-2540,https://floridastateparks.org,https://www.facebook.com/IAstateparks/,Things to Do: Attractions,
,Long Key State Park,,,(305) 664-4815,https://floridastateparks.org,https://www.facebook.com/LongKeyStatePark/,Things to Do: Attractions,
,MarineLab,,info@marinelab.org,(305) 451-1139,https://marinelab.org,https://www.facebook.com/MarineLabKeyLargo,Things to Do: Attractions,
,Mark Sorensen Youth Sailing Program,,john@msysp.org,(305) 747-2600,https://msysp.org,https://www.facebook.com/msysp.uksc/,Things to Do: Attractions,
,Matecumbe Historical Trust,,info@MatecumbeHistoricalTrust.org,(305) 393-0940,https://matecumbehistoricaltrust.org,https://www.facebook.com/Matecumbehistoricaltrust/,Things to Do: Attractions,
,Morada Way Arts and Cultural District,,info@moradaway.org,(305) 664-2471,https://moradaway.org,https://www.facebook.com/MoradaWay/,Things to Do: Attractions | Shopping: Art Galleries,
,Old Town Trolley Tours of Key West,,,(305) 296-6688,https://trolleytours.com/key-west,https://www.facebook.com/OldTownTrolleyKeyWest/,Things to Do: Attractions,
,Psychic of the Keys,,,(561) 669-6242,,,Things to Do: Attractions,
,Pinfish Entertainment,,info@pinfishentertainment.com,(305) 337-0121,https://pinfishentertainment.com,https://www.facebook.com/pinfishentertainment/,Things to Do: Attractions,
,Protect Center,,,(305) 453-4321,https://connecttoprotect.org,https://www.facebook.com/connecttoprotectdolphins/,Things to Do: Attractions,
,Rain Barrel Village,,contact@rainbarrelvillage.com,(305) 521-2043,https://rainbarrelvillage.com,https://www.facebook.com/RainBarrelVillage/,Things to Do: Attractions | Shopping: Art Galleries,
,Robbie's Marina,,info@robbies.com,(305) 664-8070,https://robbies.com,https://www.facebook.com/robbiesofislamorada/,Things to Do: Attractions,
,South Florida Helicopter Charter and Tours,,booking@southfloridahelicoptercharters.com,(305) 909-0050,https://southfloridahelicoptercharters.com,,Things to Do: Attractions,
,Theater of the Sea,,info@theaterofthesea.com,(305) 664-2431,https://theaterofthesea.com,https://www.facebook.com/theaterofthesea/,Things to Do: Attractions,
,Windley Key Fossil Reef Geological State Park,,,(305) 664-2540,https://floridastateparks.org,https://www.facebook.com/IAstateparks/,Things to Do: Attractions,
,Anne's Public Beach,,,(305) 664-6400,https://islamorada.fl.us,,Things to Do: Beaches,
,Library Beach Park,,,(305) 393-3377,,,Things to Do: Beaches,
,Bayfront RV,,spanishflatdeb@yahoo.com,(305) 393-3377,,https://www.facebook.com/p/Bayfront-RV-Park-61569293403408/,Things to Do: Camping & Rv Resorts,
,Fiesta Key RV Resort & Marina,,,(305) 249-1036,https://rvonthego.com,https://www.facebook.com/EncoreFiestaKey/,Things to Do: Camping & Rv Resorts,
,Grassy Key RV Park & Resort,,paradise@grassykeyrvpark.com,(305) 289-1606,https://grassykeyrvpark.com,https://www.facebook.com/grassy.key1/,Things to Do: Camping & Rv Resorts,
,Keys Westys,,Reserve@KeysWestys.com,(786) 326-6763,https://keyswestys.com,https://www.facebook.com/KeysWestys/,Things to Do: Camping & Rv Resorts,
,Sun Outdoors,,,(786) 841-0030,https://soislamorada.com,https://www.facebook.com/SunOutdoorsIslamorada/,Things to Do: Camping & Rv Resorts,
,A Family Fun Boat Tour Company,,Info@FamilyFunBoatTours.com,(305) 896-2915,https://familyfunboattours.com,https://www.facebook.com/afamilyfunboattours/,"Things to Do: Diving, Snorkeling, Watersports, Boat Tours, Action Sports",
,A Florida Keys Watersports Company,,info@FKWSC.com,(305) 699-9424,https://floridakeyswatersportscompany.com,https://www.facebook.com/p/Florida-Keys-WaterSports-co-100063473321456/,"Things to Do: Diving, Snorkeling, Watersports, Boat Tours, Action Sports",
,A1A Watersports & Boat Rentals,,a1awatersports@gmail.com,(305) 664-8182,https://keyswatersports.com,https://www.facebook.com/A1AWatersports/,"Things to Do: Diving, Snorkeling, Watersports, Boat Tours, Action Sports",
,Active Disabled Americans,,capt.mick2102@gmail.com,(808) 291-8037,https://activedisabledamericans.org,https://www.facebook.com/activedisabledamericans/,"Things to Do: Diving, Snorkeling, Watersports, Boat Tours, Action Sports",
,Allergic to Land Charters,,allergictolandcharters@gmail.com,(305) 393-0842,https://allergictolandcharters.com,https://www.facebook.com/allergictolandcharters/,"Things to Do: Diving, Snorkeling, Watersports, Boat Tours, Action Sports",
,Amoray Dive Resort,,amoraydive@amoray.com,(305) 451-3595,https://amoray.com,https://www.facebook.com/amoraydiveresort/,"Things to Do: Diving, Snorkeling, Watersports, Boat Tours, Action Sports",
,Anchors Away Boat Rentals and Tours,,allkeysboatrentals@gmail.com,(305) 896-2219,https://anchorsawayboatrentals.com,https://www.facebook.com/p/Anchors-Away-Boat-Rentals-FL-Keys-100085401613144/,"Things to Do: Diving, Snorkeling, Watersports, Boat Tours, Action Sports",
,Bay and Reef Company,,info@bayandreef.com,(305) 393-0994,https://bayandreef.com,https://www.facebook.com/BayandReef/,"Things to Do: Diving, Snorkeling, Watersports, Boat Tours, Action Sports",
,Big Pine Kayak Adventures,,bigpinekayak@aol.com,(305) 872-7474,https://keyskayaktours.com,https://www.facebook.com/BigPineKayakAdventures/,"Things to Do: Diving, Snorkeling, Watersports, Boat Tours, Action Sports",
,Blackbeard Private Charters,,,(843) 442-5977,https://blackbeardcharters.com,https://www.facebook.com/blackbeardprivatecharters/,"Things to Do: Diving, Snorkeling, Watersports, Boat Tours, Action Sports",
,Bluewater Adventure the Keys,,bluewaterinthekeys@gmail.com,(305) 619-1020,https://bluewateradventurethekeys.com,https://www.facebook.com/bluewateradventurethekeys/,"Things to Do: Diving, Snorkeling, Watersports, Boat Tours, Action Sports",
,Captain Slate's Scuba Adventures,,captainslate@captainslate.com,(305) 451-3020,https://captainslate.com,https://www.facebook.com/1915141055248956,"Things to Do: Diving, Snorkeling, Watersports, Boat Tours, Action Sports",
,Caribbean Watersports & Enviro Tours,,concierge@caribbeanwatersports.com,(305) 852-4707,https://caribbeanwatersports.com,https://www.facebook.com/p/Caribbean-Watersports-Enviro-Tours-of-the-Florida-Keys-100049067625986/,"Things to Do: Diving, Snorkeling, Watersports, Boat Tours, Action Sports",
ILI,Clearly Unique Charters,,clearlyuniquecharters2@gmail.com,(305) 747-8651,https://clearlyuniquecharters.com,https://www.facebook.com/ClearlyUniqueCharters/,"Things to Do: Diving, Snorkeling, Watersports, Boat Tours, Action Sports",
,Conch City Charters,,ConchCityCharters@gmail.com,(305) 771-4133,https://conchcitycharters.com,https://www.facebook.com/conchcitycharters/,"Things to Do: Diving, Snorkeling, Watersports, Boat Tours, Action Sports",
,Conch Republic Divers,,info@conchrepublicdivers.com,(305) 852-1655,https://conchrepublicdivers.com,https://www.facebook.com/conchrepublicdivers/,"Things to Do: Diving, Snorkeling, Watersports, Boat Tours, Action Sports",
,Cruisin' Tikis Islamorada,,Cruisintikiswpb@gmail.com,(844) 244-7500,https://cruisintikisislamorada.com,https://www.facebook.com/p/Cruisin-Tikis-Islamorada-61555612694606/,"Things to Do: Diving, Snorkeling, Watersports, Boat Tours, Action Sports",
,Danger Charters,,dangercharters@gmail.com,(305) 304-7999,https://dangercharters.com,https://www.facebook.com/DangerCharters/,"Things to Do: Diving, Snorkeling, Watersports, Boat Tours, Action Sports",
,Deep Blue Freediving,,,(843) 289-0033,https://freediveintoblue.com,https://www.facebook.com/freediveintoblue/,"Things to Do: Diving, Snorkeling, Watersports, Boat Tours, Action Sports",
,Florida Keys Kayak,,floridakeyskayakandski@gmail.com,(305) 664-4878,https://kayakthefloridakeys.com,https://www.facebook.com/floridakeyskayakandski/,"Things to Do: Diving, Snorkeling, Watersports, Boat Tours, Action Sports",
,Garl's Coastal Kayaking,,garlscoastalkayaking@gmail.com,(305) 393-3223,https://garlscoastalkayaking.com,https://www.facebook.com/GarlsCoastalKayaking/,"Things to Do: Diving, Snorkeling, Watersports, Boat Tours, Action Sports",
,Glassbottom Boat of Islamorada,,info@glassbottomtour.com,(305) 214-5277,https://glassbottomtour.com,https://www.facebook.com/GlassBottomBoatsofIslamorada/,"Things to Do: Diving, Snorkeling, Watersports, Boat Tours, Action Sports",
ILI,I Can See Clear Kayaking,,clearkayaking@gmail.com,(386) 793-1101,https://clearkayaking.com,https://www.facebook.com/clearkayaking/,"Things to Do: Diving, Snorkeling, Watersports, Boat Tours, Action Sports",
ILI,Islamorada Dive Center,,info@islamoradadivecenter.com,(305) 664-3483,https://islamoradadivecenter.com,https://www.facebook.com/IslamoradaDiveCenter/,"Things to Do: Diving, Snorkeling, Watersports, Boat Tours, Action Sports",
ILI,Islamorada Luxury Carts,,islamoradaluxurycarts@gmail.com,(305) 394-5350,https://islamoradaluxurycarts.com,https://www.facebook.com/p/Islamorada-Luxury-Carts-100088250103863/,"Things to Do: Diving, Snorkeling, Watersports, Boat Tours, Action Sports",
,Islamorada Private Charters,,info@islamoradaprivatecharters.com,(305) 395-9691,https://islamoradaprivatecharters.com,https://www.facebook.com/islamoradaprivatecharters/,"Things to Do: Diving, Snorkeling, Watersports, Boat Tours, Action Sports",
,Islamorada Turtle Tours,,,(305) 731-9919,https://islamoradaturtletours.com,https://www.facebook.com/p/Islamorada-Turtle-Tours-100089714588390/,"Things to Do: Diving, Snorkeling, Watersports, Boat Tours, Action Sports",
,Islamorada Watersports Company/Seven Sports,,rentals@sevensports.com,(305) 664-2463,https://islamoradawatersports.com,https://www.facebook.com/IslamoradaWatersportsCompany/,"Things to Do: Diving, Snorkeling, Watersports, Boat Tours, Action Sports",
,Island Adventures,,jim@goislandadventures.com,(305) 394-1436,https://goislandadventures.com,https://www.facebook.com/goislandadventures/,"Things to Do: Diving, Snorkeling, Watersports, Boat Tours, Action Sports",
,Islander Girl Snorkel & Tours,,contact@islandergirltours.com,(305) 712-0032,https://islandergirltours.com,https://www.facebook.com/IslanderGirl.Snorkel/,"Things to Do: Diving, Snorkeling, Watersports, Boat Tours, Action Sports",
,JSK Watersports of Florida Keys,,jskwatersports@gmail.com,(305) 998-9373,https://jskwatersports.com,https://www.facebook.com/JETSKIRENTALSFLORIDAKEYS/,"Things to Do: Diving, Snorkeling, Watersports, Boat Tours, Action Sports",
,Key Dives,,info@keydives.com,(305) 664-2211,https://keydives.com,https://www.facebook.com/keydives/,"Things to Do: Diving, Snorkeling, Watersports, Boat Tours, Action Sports",
,Keys Toy Store,,,(305) 563-5030,https://keystoys.com,https://www.facebook.com/keystoystores/,"Things to Do: Diving, Snorkeling, Watersports, Boat Tours, Action Sports",
,KeyZ Charters,,info@keyzcharters.com,(305) 393-1394,https://keyzcharters.com,https://www.facebook.com/KeyZCharters,"Things to Do: Diving, Snorkeling, Watersports, Boat Tours, Action Sports",
,Morning Tauk Charters,,captainsteady03@gmail.com,(617) 529-1986,https://morningtaukcharters.com,https://www.facebook.com/MorningTAUK/,"Things to Do: Diving, Snorkeling, Watersports, Boat Tours, Action Sports",
ILI,MYKEYS Tours of Islamorada,,info@mykeystours.com,(305) 360-1731,https://mykeystours.com,https://www.facebook.com/p/MyKeys-Tours-of-Islamorada-100076006853802/,"Things to Do: Diving, Snorkeling, Watersports, Boat Tours, Action Sports",
,Nautical Tiki Cruises Upper Keys,,upperkeys@nauticaltiki.com,(239) 300-5161,https://nauticaltiki.com,https://www.facebook.com/NauticalTikiIslamorada/,"Things to Do: Diving, Snorkeling, Watersports, Boat Tours, Action Sports",
,PADDLE! the Florida Keys,,paddlethefloridakeys@gmail.com,(305) 434-5930,https://paddlethefloridakeys.com,https://www.facebook.com/PaddletheFloridaKeys/,"Things to Do: Diving, Snorkeling, Watersports, Boat Tours, Action Sports | Shopping: Island Shops And Boutiques",
,Parasail the Keys,,sundancewatersports@gmail.com,(305) 743-0145,https://sundancewatersports.org,https://www.facebook.com/parasailthekeys/,"Things to Do: Diving, Snorkeling, Watersports, Boat Tours, Action Sports",
,Reef Quest Tours,,info@reefquesttours.com,(305) 405-7738,https://reefquesttours.com,https://www.facebook.com/p/ReefQuest-Tours-100054890404496/,"Things to Do: Diving, Snorkeling, Watersports, Boat Tours, Action Sports",
,Sand Bar Time,,sandbartime@yahoo.com,(305) 731-9505,,https://www.facebook.com/sandbartime/,"Things to Do: Diving, Snorkeling, Watersports, Boat Tours, Action Sports",
,Sea Monkeys Watersports,,mike@underwaterexploring.com,(305) 664-4555,https://seamonkeydivers.com,https://www.facebook.com/SeaMonkeysWaterSports/,"Things to Do: Diving, Snorkeling, Watersports, Boat Tours, Action Sports",
,Spray Watersports,,,(305) 664-0075,https://spraywatersports.com,https://www.facebook.com/SprayWatersports/,"Things to Do: Diving, Snorkeling, Watersports, Boat Tours, Action Sports",
,Tides & Tranquility,,,(702) 499-6724,https://tidesandtranquility.com,https://www.facebook.com/p/Tides-and-Tranquility-61555423412681/,"Things to Do: Diving, Snorkeling, Watersports, Boat Tours, Action Sports",
,Wild Dolphin Tours,,info@wilddolphintours.com,(850) 238-5998,https://wilddolphintours.com,https://www.facebook.com/wilddolphintours/,"Things to Do: Diving, Snorkeling, Watersports, Boat Tours, Action Sports",
,A Pirate for Hire,,captainronbrack@bellsouth.net,(305) 393-7448,https://pirateforhirecharters.com,https://www.facebook.com/pirateforhirecharters/,Things to Do: Fishing - Backcountry & Reef,
,All Tackle Backcountry Fishing Charters,,capt_ted_wilson@hotmail.com,(305) 942-5224,https://captaintedwilson.com,https://www.facebook.com/Islamoradafishingguide/,Things to Do: Fishing - Backcountry & Reef,
,Blue Heaven Charter Company,,skye@blueheavencharter.com,(305) 481-0697,https://blueheavencharter.com,https://www.facebook.com/blueheavencharters/,Things to Do: Fishing - Backcountry & Reef,
,Captain David Borras,,Linesout@aol.com,(305) 393-2423,,,Things to Do: Fishing - Backcountry & Reef,
,Captain GW Guide Service,,CaptGW@gmail.com,(305) 522-3718,https://captaingw.com,,Things to Do: Fishing - Backcountry & Reef,
,CaptainPerry.com,,,(305) 393-0621,https://captainperry.com,https://www.facebook.com/p/Captain-Perry-PS-Fishing-100046370576246/,Things to Do: Fishing - Backcountry & Reef,
,Casting for Cats,,sharellen@netzero.net,(305) 664-2012,https://castingforcats.com,https://www.facebook.com/CastingforCats/,Things to Do: Fishing - Backcountry & Reef,
,Fish With A Hero,,mgibson@fishwithahero.com,(813) 453-5322,https://fishwithahero.com,https://www.facebook.com/fishwithahero/,Things to Do: Fishing - Backcountry & Reef,
,FishVerify,,support@fishverify.com,(305) 563-9078,https://fishverify.com,https://www.facebook.com/fishverify/,Things to Do: Fishing - Backcountry & Reef,
,Florida Keys Outfitters,,tackle@floridakeysoutfitters.com,(305) 664-5423,https://floridakeysoutfitters.com,https://www.facebook.com/floridakeysoutfitters/,Things to Do: Fishing - Backcountry & Reef | Shopping: Island Shops And Boutiques,
,Islamorada Charter Boat Association,,islamoradasailfish@gmail.com,(305) 522-4868,https://islamoradacharterboatassociation.org,https://www.facebook.com/p/Islamorada-Charter-Boat-Association-100088397087404/,Things to Do: Fishing - Backcountry & Reef,
,Lil Fin Charters,,,(305) 852-5989,,,Things to Do: Fishing - Backcountry & Reef,
,Salty Morada Fishing Charters,,kevinwhite@comcast.net,(305) 393-9670,https://saltymoradacharters.com,https://www.facebook.com/p/Salty-Morada-Charters-100089905145814/,Things to Do: Fishing - Backcountry & Reef,
,Triangle Charters,,,(586) 255-3030,,,Things to Do: Fishing - Backcountry & Reef,
ILI,Wet A Line Charters,,michaeldillistin@gmail.com,(561) 260-1184,https://wetalinecharters.com,,Things to Do: Fishing - Backcountry & Reef,
,EarlyBird Fishing Charters,,Ross@fishearlybird.com,(305) 942-3618,https://fishearlybird.com,https://www.facebook.com/FishingChartersEarlyBird/,Things to Do: Fishing - Offshore,
,Fearless Sportfishing Charters,,capt_hendrix@yahoo.com,(786) 295-2162,https://fearlessfishing.net,https://www.facebook.com/Fearless.Fishing/,Things to Do: Fishing - Offshore,
,Gotta Luv Them,,,(954) 900-6080,https://gottaluvthem.org,,Things to Do: Fishing - Offshore,
,Miller Time Sportfishing,,captainron@millertimesportfishing.com,(305) 509-2922,https://millertimesportfishing.com,https://www.facebook.com/millertimesportfishing/,Things to Do: Fishing - Offshore,
,Nick Sheahan Dolphin Rodeo Fishing Tournament,,info@nicksheahan.com,(305) 393-3733,https://nicksheahan.com,https://www.facebook.com/nicksheahandolphinrodeo/,Things to Do: Fishing - Offshore,
,Reef Runner Charters,,CaptPaulJohnson@aol.com,(305) 852-3660,https://reefrunnerfishing.com,https://www.facebook.com/102565059138053/,Things to Do: Fishing - Offshore,
,Singing Reel Charters,,Capttony@singingreelcharters.com,(305) 699-8899,https://singingreelcharters.com,https://www.facebook.com/singingreelcharters/,Things to Do: Fishing - Offshore,
,Amara Cay,,reservations@amaracayresort.com,(305) 664-0073,https://amaracayresort.com,https://www.facebook.com/AmaraCayResort/,"Things to Do: Group Tours, Travel Agents & Incentive Travel Management",
,Bud N' Mary's Fishing Marina,,tackleshop@budnmarys.com,(305) 664-2461,https://budnmarys.com,https://www.facebook.com/budnmarysmarina/,"Things to Do: Group Tours, Travel Agents & Incentive Travel Management | Places to Stay: Moderate Lodging",
,Cheeca Lodge & Spa,,info@cheeca.com,(305) 664-4651,https://cheeca.com,https://www.facebook.com/cheecalodge/,"Things to Do: Group Tours, Travel Agents & Incentive Travel Management | Places to Stay: Luxury Lodging",
,Courtyard Marathon by Marriott,,,(305) 289-2100,https://marriott.com/mthmc,https://www.facebook.com/CourtyardMarathonFloridaKeys/,"Things to Do: Group Tours, Travel Agents & Incentive Travel Management | Places to Stay: Moderate Lodging",
,Keys Planning and Events,,keysplanning@aol.com,(305) 433-9942,https://keysplanningandevents.com,https://www.facebook.com/KeysPlanningandEvents/,"Things to Do: Group Tours, Travel Agents & Incentive Travel Management",
,Three Waters Resort & Marina,,,(305) 703-1300,https://threewatersresort.com,https://www.facebook.com/threewatersresort/,"Things to Do: Group Tours, Travel Agents & Incentive Travel Management",
,"Reach Key West, Curio Collection by Hilton",,The_Reach_Resort@Hilton.com,(305) 296-5000,https://reaachresort.com,https://www.facebook.com/TheReachResort/,"Things to Do: Group Tours, Travel Agents & Incentive Travel Management | Places to Stay: Moderate Lodging",
,Royal Limousine,,info@royal-limo.com,(305) 442-1414,https://royal-limo.com,https://www.facebook.com/royallimomiami/,"Things to Do: Group Tours, Travel Agents & Incentive Travel Management",
,Safe Harbor Angler House,,,(305) 664-5247,https://shmarinas.com,https://www.facebook.com/safeharboranglerhouse/,"Things to Do: Group Tours, Travel Agents & Incentive Travel Management",
,Sea La Vie Events and Productions,,,(305) 363-8984,,,"Things to Do: Group Tours, Travel Agents & Incentive Travel Management",
,Top Shelf Transportation,,,(714) 955-7086,https://topshelfcarservice.com,https://www.facebook.com/TopShelfTransportIslamorada/,"Things to Do: Group Tours, Travel Agents & Incentive Travel Management",
,World Wide Sportsman,,Manager_Islamorada_FL@basspro.com,(305) 664-4615,https://basspro.com,https://www.facebook.com/bassproshopsislamorada/,"Things to Do: Group Tours, Travel Agents & Incentive Travel Management | Shopping: Island Shops And Boutiques",
,Abel's Tackle Box General Goods at Three Waters Resort & Marina,,,(305) 664-2900,https://threewatersresort.com,https://www.facebook.com/threewatersresort/,"Things to Do: Marinas, Boat Rentals, Bait & Tackle",
,Caloosa Cove Resort and Marina,,info@caloosacove.com,(305) 664-8811,https://caloosacove.com,https://www.facebook.com/CaloosaCoveMarina/,"Things to Do: Marinas, Boat Rentals, Bait & Tackle | Places to Stay: Moderate Lodging",
,Coral Bay Marina,,info@coral-bay-marina.com,(305) 664-3111,https://coral-bay-marina.com,https://m.facebook.com/profile.php?id=150510504982288,"Things to Do: Marinas, Boat Rentals, Bait & Tackle",
,IslaMarina,,info@islamarina.net,(305) 664-3636,https://islamarinakeys.com,https://www.facebook.com/IslaMarinaKeys/,"Things to Do: Marinas, Boat Rentals, Bait & Tackle",
,Islamorada Fishing Outfitters,,IFOINC22@GMAIL.COM,(305) 741-7544,https://islamoradafishingoutfitters.com,https://www.facebook.com/IslamoradafishingOutfitters,"Things to Do: Marinas, Boat Rentals, Bait & Tackle | Shopping: Island Shops And Boutiques",
,Island Boat Rentals,,,(305) 664-0091,https://boatrentalsinthekeys.com,https://www.facebook.com/people/Island-Boat-Rentals/100063877420893/,"Things to Do: Marinas, Boat Rentals, Bait & Tackle",
,Mangrove Marina & Resort,,mangrove@terranova.net,(305) 852-8380,https://mangrovemarina.com,https://www.facebook.com/MangroveMarinaTavernier/,"Things to Do: Marinas, Boat Rentals, Bait & Tackle",
,Marina at Three Waters Resort,,,(305) 433-9942,https://threewatersresort.com,https://www.facebook.com/threewatersresort/,"Things to Do: Marinas, Boat Rentals, Bait & Tackle",
,Plantation Yacht Harbor Marina,,marinainfo@islamorada.fl.us,(305) 852-2381,https://pyh.com,https://www.facebook.com/p/Plantation-Yacht-Harbor-at-Founders-Park-Islamorada-FL-100064590495670/,"Things to Do: Marinas, Boat Rentals, Bait & Tackle",
,SD Marine,,snakecreekmarinakeys@gmail.com,(305) 396-7724,https://snakecreekmarinakeys.com,https://www.facebook.com/sdmarinegroup/,"Things to Do: Marinas, Boat Rentals, Bait & Tackle",
,Treasure Harbor Marina,,info@keysboatrental.com,(305) 664-9943,https://treasureharborresort.com,https://www.facebook.com/TreasureHarborResort/,"Things to Do: Marinas, Boat Rentals, Bait & Tackle",
,Whale Harbor Marina,,Dockoffice@whaleharborgroup.com,(305) 664-4959,https://whaleharbormarina.com,https://www.facebook.com/WhaleHarborMarina/,"Things to Do: Marinas, Boat Rentals, Bait & Tackle",
,World Wide Sportsman Bayside Marina,,Manager_Islamorada_FL@basspro.com,(305) 664-4615,https://basspro.com,https://www.facebook.com/bassproshopsislamorada/,"Things to Do: Marinas, Boat Rentals, Bait & Tackle",
,Aqua Salon & Day Spa,,renae@aquasalonislamorada.com,(305) 902-8286,https://aquasalonislamorada.com,https://www.facebook.com/aquasalonislamorada/,"Things to Do: Salons, Spas & Fitness",
,Beyond Traditional Wellness,,btw.justgo@gmail.com,(305) 395-2316,https://btwfitness.com,https://www.facebook.com/btw.justgo/,"Things to Do: Salons, Spas & Fitness",
,Blu Bamboo Salon & Spa,,cindy@blubamboo.com,(305) 664-9342,https://blubamboo.com,https://www.facebook.com/p/Blu-Bamboo-Salon-Spa-100054509798345/,"Things to Do: Salons, Spas & Fitness",
,Ciao Bella Salon & Day Spa,,info@ciaobellaislamorada.com,(305) 664-4558,https://theislamoradaspa.com,https://www.facebook.com/ciaobellaofislamorada/,"Things to Do: Salons, Spas & Fitness",
,Cirque Salon Studios,,sc@cirquesalonstudios.com,(305) 800-2477,https://cirquesalonstudios.com,https://www.facebook.com/CirqueSalonKeyLargo/,"Things to Do: Salons, Spas & Fitness",
,Key Massage,,,(305) 206-0687,https://thekeymassage.com,https://www.facebook.com/keymassagetherapy/,"Things to Do: Salons, Spas & Fitness",
,Keys Medical Center / Essence of the Phoenix,,,(305) 664-2490,,,"Things to Do: Salons, Spas & Fitness",
,Keys To Nutrition,,courtney@thekeystonutrition.com,(305) 330-1933,https://thekeystonutrition.com,https://www.facebook.com/thekeystonutrition/,"Things to Do: Salons, Spas & Fitness",
,Miller Medicine,,wmiller@millermedicine.com,(305) 453-6097,https://millermedicine.com,https://www.facebook.com/millermedspa,"Things to Do: Salons, Spas & Fitness",
,Amy's Creations of the Florida Keys,,AmysCreationsFLK@gmail.com,(321) 557-2581,,https://www.facebook.com/p/Amys-Creations-of-the-Florida-Keys-100057423199075/,Shopping: Art Galleries,
,DeClue's Custom Framing,,,(305) 664-9385,,https://www.facebook.com/declue/,Shopping: Art Galleries,
,Finders Keepers Coconuts Art Studio,,,(561) 707-4527,https://www.paintingthekeys.com,https://www.facebook.com/finderskeeperscoconuts/,Shopping: Art Galleries,
,Florida Keys Council of the Arts,,info@keysarts.com,(305) 295-4369,https://www.keysarts.com,https://www.facebook.com/FloridaKeysCounciloftheArts/,Shopping: Art Galleries,
,Gyotaku by Lisa Lee,,lisa@gyotakubylisalee.com,(954) 261-5167,https://gyotakubylisalee.com,https://www.facebook.com/GyotakuByLisaLee/,Shopping: Art Galleries,
,"Hale Gallery, The",,hello@thehalegallery.com,(305) 204-1216,https://www.thehalegallery.com,https://www.facebook.com/p/The-Hale-Gallery-100092158036459/,Shopping: Art Galleries,
,Islamorada Art Gallery by Pasta,,artbypasta@yahoo.com,(954) 290-4262,https://www.artbypasta.com,https://www.facebook.com/artbypasta/,Shopping: Art Galleries,
,Jellyfish Daydreams,,jellyfishdaydreamstattoo@gmail.com,(518) 332-1987,https://www.jellyfishdaydreams.com,https://www.facebook.com/jellyfishdaydreams,Shopping: Art Galleries,
,Key Largo Art Gallery,,keylargoartgallery@gmail.com,(305) 451-0052,https://Tinyurl.com/3d32tcke,https://www.facebook.com/p/Key-Largo-Art-Gallery-100063516881934/,Shopping: Art Galleries,
,"Kona Kai Resort, Gallery and Botanic Gardens",,info@konakairesort.com,(305) 852-7200,https://www.konakairesort.com,https://www.facebook.com/KonaKaiResortGalleryandBotanicGarden/,Shopping: Art Galleries,
,Livin In Local Color,,,(305) 304-4453,https://www.livininlocalcolor.com,https://www.facebook.com/livininlocalcolor/,Shopping: Art Galleries,
,Old Road Gallery,,oldroadgallery@gmail.com,(305) 852-8935,https://www.oldroadgallery.com,https://www.facebook.com/oldroadgallery,Shopping: Art Galleries,
,Our Place in Paradise,,,(305) 916-5828,https://www.ourplaceinparadise.com,https://www.facebook.com/p/Our-Place-in-Paradise-100063732685378/,Shopping: Art Galleries,
,Sheri Griffin Photography & Air Plant Jellyfish,,sherigriffin89@yahoo.com,(305) 731-3321,https://www.floridakeysgiftshop.etsy.com,https://www.facebook.com/sherigriffinphotography/,Shopping: Art Galleries,
,Blue Marlin Jewelry,,info@bluemarlinjewelry.com,(305) 664-8004,https://www.bluemarlinjewelry.com,https://www.facebook.com/thebluemarlinjewelry/,Shopping: Island Shops And Boutiques,
,Cheeca Lodge Signature Store,,info@cheeca.com,(305) 664-4651,https://www.cheeca.com,https://www.facebook.com/cheecalodge/,Shopping: Island Shops And Boutiques,
,Cigars in the Keys,,,(305) 664-2855,https://www.cigarsinthekeys.com,https://www.facebook.com/CigarsInTheKeys/,Shopping: Island Shops And Boutiques,
,DePaula Jewelers,,depaulajewelers@gmail.com,(305) 852-4881,https://www.depaulas.com,https://www.facebook.com/IslamoradaJewelers,Shopping: Island Shops And Boutiques,
,Dixie Aluminum,,dixiealum@bellsouth.net,(305) 852-5104,https://floridakeyshardware.com,https://www.facebook.com/p/Dixie-Aluminum-True-Value-100057284806421/,Shopping: Island Shops And Boutiques,
,Forest Tek Lumber,,ftlsales@keyslumber.com,(305) 852-4300,https://www.keyslumber.com,https://www.facebook.com/KeysLumber123,Shopping: Island Shops And Boutiques,
,Greeen House,,,(305) 522-2382,https://www.thegreeenhouse.com,https://www.facebook.com/p/The-Greeen-House-Dispensary-of-Islamorada-82751-Overseas-Hwy-Unit-2-100093460624122/,Shopping: Island Shops And Boutiques,
,Habitat for Humanity of the Upper Keys ReStore,,Restore@habitatupperkeys.org,(305) 767-3190,https://www.habitatupperkeys.org,https://www.facebook.com/habitatupperkeys/,Shopping: Island Shops And Boutiques,
,Holy Smokes Islamorada,,,(305) 998-3738,https://www.holysmokeskeys.com,https://www.facebook.com/p/Holy-Smokes-Islamorada-Fl-100083328851258/,Shopping: Island Shops And Boutiques,
,Islamorada Hemp Company,,islamoradahempcompany@gmail.com,(305) 453-6432,https://www.islamoradahempcompany.com,https://www.facebook.com/islamoradahempco/,Shopping: Island Shops And Boutiques,
,Islamorada Mercantile,,,(305) 735-4942,https://www.islamoradamercantile.com,https://www.facebook.com/IslamoradaMercantile/,Shopping: Island Shops And Boutiques,
,Islamorada Outdoor Furniture,,kenandalice@live.com,(609) 287-1767,https://teaknearme.com,https://www.facebook.com/people/Islamorada-Outdoor-Furniture/100063774116653/,Shopping: Island Shops And Boutiques,
,Island Home Garden Center,,,(786) 971-2299,https://www.islandhomegardencenter.com,https://www.facebook.com/IslandHomeGarden/,Shopping: Island Shops And Boutiques,
,Island Trendz at Amara Cay,,,(305) 664-0095,https://islandtrendzboutique.business.site,https://www.facebook.com/islandtrendztropical/,Shopping: Island Shops And Boutiques,
,Keys Deep Apparel,,Sales@KeysDeep.com,(786) 502-6640,https://keysdeep.com,https://www.facebook.com/keysdeep2021/,Shopping: Island Shops And Boutiques,
,Keys Kritters,,keyskritters@bellsouth.net,(305) 451-2627,https://facebook.com/KeysKritters,https://www.facebook.com/KeysKritters/,Shopping: Island Shops And Boutiques,
,Keys Mercantile,,kmsales@keyslumber.com,(305) 735-4141,https://www.keyslumber.com,https://www.facebook.com/KeysMercantile/,Shopping: Island Shops And Boutiques,
,Los Cayos Apparel,,contact@loscayosapparel.com,(305) 522-3688,https://www.loscayosapparel.com,https://www.facebook.com/loscayosapparel/,Shopping: Island Shops And Boutiques,
,Miss Monroe Boutique,,hello@shopmissmonroe.com,(305) 440-3951,https://www.shopmissmonroe.com,https://www.facebook.com/missmonroeboutique/,Shopping: Island Shops And Boutiques,
,Mystical Mermaid,,themysticalmermaid@hotmail.com,(305) 395-2019,https://themysticalmermaid.business.site,https://www.facebook.com/themysticalmermaid/,Shopping: Island Shops And Boutiques,
,Natacha's Boutique & Braids,,natachaboutique@hotmail.com,(305) 393-1798,https://www.natachasboutiquefloridakeys.com,https://www.facebook.com/p/Natachas-Boutique-100049697411881/,Shopping: Island Shops And Boutiques,
,Ocean Gardens,,info@oceangardensandgifts.com,(305) 664-2793,https://www.oceangardensandgifts.com,https://www.facebook.com/oceangardensandgifts/,Shopping: Island Shops And Boutiques,
ILI,Olive Morada,,,(305) 735-4375,https://www.olivemorada.com,https://www.facebook.com/oliveoilmorada,Shopping: Island Shops And Boutiques,
,Publix Super Market,,,(305) 664-4890,https://www.publix.com,https://www.facebook.com/Publix1813/,Shopping: Island Shops And Boutiques,
,Royal Furniture & Design,,,(305) 451-5700,https://www.keysfurniture.com,https://www.facebook.com/KeysRoyalFurniture/,Shopping: Island Shops And Boutiques,
,Salt + Sea,,,(305) 664-0021,https://www.threewatersresort.com,https://www.facebook.com/threewatersresort/,Shopping: Island Shops And Boutiques,
,Sandal Factory Outlet/T-Shirt City,,Joshl@sandalfactory.com,(305) 664-9700,https://www.sandalfactory.com,https://www.facebook.com/SandalFactoryOutlet/,Shopping: Island Shops And Boutiques,
,Sea Dragon Exotic Island Décor,,Taniagmetzger@hotmail.com,(305) 664-0048,https://www.seadragonfurniture.com,https://www.facebook.com/Seadragonfurniture/,Shopping: Island Shops And Boutiques,
,Sea La Vie Beach Boutique,,,(305) 741-7576,,https://www.facebook.com/p/Sea-La-Vie-Beach-Boutique-100093622184536/,Shopping: Island Shops And Boutiques,
,Shell World,,customerservice@shellworldflkeys.com,(305) 852-8245,https://www.shellworldflkeys.com,https://www.facebook.com/shellworldflkeys/,Shopping: Island Shops And Boutiques,
,Southern Tide,,,(305) 239-0803,https://www.southerntide.com,https://www.facebook.com/southerntideislamorada/,Shopping: Island Shops And Boutiques,
,Tom Thumb Food Store,,,(305) 852-7242,https://www.mytomthumb.com,https://www.facebook.com/MyTomThumb/,Shopping: Island Shops And Boutiques,
,Trading Post,,,(305) 664-2571,https://www.tradingpostfloridakeys.com,https://www.facebook.com/TheTradingPostIslamorada/,Shopping: Island Shops And Boutiques,
,Tropical Optical,,TropicalOpticalKeys@gmail.com,(305) 664-2665,https://www.tropicaloptical.com,https://www.facebook.com/tropicaloptical/,Shopping: Island Shops And Boutiques,
,Wild Lily Boutique,,liz@wildlilyboutique.com,(305) 741-7276,https://www.wildlilyboutique.com,https://www.facebook.com/WildLilyBoutique/,Shopping: Island Shops And Boutiques,
,Zero Dress Code,,zerodresscode@gmail.com,(305) 664-0800,https://www.zerodresscode.com,https://www.facebook.com/ZeroDressCode/,Shopping: Island Shops And Boutiques,
,Caribbean Resort,,welcome@thecaribbeanresort.com,(305) 664-2235,https://www.thecaribbeanresort.com,https://www.facebook.com/TheCaribbeanResort/,Places to Stay: Luxury Lodging,
,Casa Morada,,info@casamorada.com,(305) 664-0044,https://www.casamorada.com,https://www.facebook.com/casa.morada/,Places to Stay: Luxury Lodging,
,Hawks Cay Resort,,Reservations@HawksCay.com,(305) 289-2979,https://www.hawkscay.com,https://www.facebook.com/hawkscayresort/,Places to Stay: Luxury Lodging,
,Islander Resort,,info@islanderfloridakeys.com,(305) 664-2031,https://www.islanderfloridakeys.com,https://www.facebook.com/IslanderResort/,Places to Stay: Luxury Lodging,
,Islands of Islamorada,,info@theislandsofislamorada.com,(305) 440-3255,https://www.theislandsofislamorada.com,https://www.facebook.com/theislandsofislamorada/,Places to Stay: Luxury Lodging,
,"Kona Kai Resort, Gallery and Botanic Garden",,info@konakairesort.com,(305) 852-7200,https://www.konakairesort.com,https://www.facebook.com/KonaKaiResortGalleryandBotanicGarden/,Places to Stay: Luxury Lodging,
,Moorings Village,,info@mooringsvillage.com,(305) 664-4708,https://www.themooringsvillage.com,https://www.facebook.com/mooringsvillage/,Places to Stay: Luxury Lodging,
,Amara Cay Resort,,reservations@amaracayresort.com,(844) 831-1188,https://www.islamoradaresortcollection.com,https://www.facebook.com/AmaraCayResort/,Places to Stay: Moderate Lodging,
,Amoray Dive Center & Resort,,amoraydive@amoray.com,(305) 451-3595,https://www.amoray.com,https://www.facebook.com/amoraydiveresort/,Places to Stay: Moderate Lodging,
,Atlantic Bay Resort,,info@AtlanticBayResort.com,(305) 852-5248,https://www.atlanticbayresort.com,https://www.facebook.com/p/Atlantic-Bay-Resort-100057658329518/,Places to Stay: Moderate Lodging,
,Breezy Palms Resort,,sales@breezypalms.com,(305) 664-2361,https://www.breezypalms.com,https://www.facebook.com/p/Breezy-Palms-Resort-61571237185592/,Places to Stay: Moderate Lodging,
,Chesapeake Beach Resort,,sales@chesapeake-resort.com,(305) 664-4662,https://www.chesapeake-resort.com,https://www.facebook.com/ChesapeakeBeachResort/,Places to Stay: Moderate Lodging,
,Coconut Palm Inn,,info@coconutpalminn.com,(305) 852-3017,https://www.coconutpalminn.com,https://www.facebook.com/CoconutPalmInn/,Places to Stay: Moderate Lodging,
,Coral Bay Resort,,info@coralbayresort.com,(305) 664-5568,https://www.coralbayresort.com,https://www.facebook.com/p/Coral-Bay-Resort-100057269087899/,Places to Stay: Moderate Lodging,
,Drop Anchor Resort & Marina,,office@dropanchorislamorada.com,(305) 664-4863,https://www.dropanchorislamorada.com,https://www.facebook.com/DropAnchorResort/,Places to Stay: Moderate Lodging,
,Glunz Ocean Beach Hotel & Resort,,info@glunzoceanbeachhotel.com,(305) 289-0525,https://www.glunzoceanbeachhotel.com,https://www.facebook.com/glunzbeachhotel/,Places to Stay: Moderate Lodging,
,Gulf View Waterfront Resort,,info@gulfviewwaterfrontresort.com,(305) 289-1414,https://www.gulfviewwaterfrontresort.com,https://www.facebook.com/GulfViewWaterfrontResort305/,Places to Stay: Moderate Lodging,
,Island Bay Resort,,host@islandbayresort.com,(305) 852-4087,https://www.islandbayresort.com,https://www.facebook.com/theislandbay/,Places to Stay: Moderate Lodging,
,Islander Bayside,,info@islanderbaysidevillas.com,(305) 664-0082,https://www.islanderbaysidevillas.com,https://www.facebook.com/IslanderBaysideTownhomes/,Places to Stay: Moderate Lodging,
,Kon Tiki Resort,,mail@kontiki-resort.com,(305) 664-4702,https://www.kontiki-resort.com,https://www.facebook.com/Kontikiresortisla/,Places to Stay: Moderate Lodging,
,La Jolla Resort,,reservations@lajollaresort.com,(305) 664-9213,https://www.lajollaresort.com,https://www.facebook.com/lajollaresort/,Places to Stay: Moderate Lodging,
,La Siesta Resort & Villas,,Reservations@lasiestaresort.com,(855) 228-0641,https://www.islamoradaresortcollection.com,https://www.facebook.com/LaSiestaResortandMarina/,Places to Stay: Moderate Lodging,
,Lime Tree Bay Resort,,info@limetreebayresort.com,(305) 664-4740,https://www.limetreebayresort.com,https://www.facebook.com/limetreebay/,Places to Stay: Moderate Lodging,
,Little Basin Villas,,reservations@newmanhospitality.com,(305) 363-8999,https://www.littlebasinvillas.com,https://www.facebook.com/littlebasinvillas/,Places to Stay: Moderate Lodging,
,Oceanview Inn & Pub,,resinfo@theocean-view.com,(305) 664-8052,https://www.theocean-view.com,https://www.facebook.com/ovsportspub/,Places to Stay: Moderate Lodging,
,Pines and Palms Resort,,reservations@pinesandpalms.com,(305) 664-4343,https://www.pinesandpalms.com,https://www.facebook.com/pinesandpalmsresort/,Places to Stay: Moderate Lodging,
,Provident at Ocean Pointe Suites,,,(305) 853-3000,https://www.opsuites.com,https://www.facebook.com/OceanPointeSuites/,Places to Stay: Moderate Lodging,
,Ragged Edge Resort & Marina,,,(305) 852-5389,https://www.ragged-edge.com,https://www.facebook.com/raggededgeresort/,Places to Stay: Moderate Lodging,
,Sunset Inn Motel,,info@sunsetinnkeys.com,(305) 664-3454,https://www.sunsetinnkeys.com,https://www.facebook.com/sunsetinnislamorada/,Places to Stay: Moderate Lodging,
,Three Waters Resort,,nsosa@islamoradaresortcollection.com,(855) 666-8073,https://www.islamoradaresortcollection.com,https://www.facebook.com/threewatersresort/,Places to Stay: Moderate Lodging,
,Topsider Resort,,tps@capitalvacations.com,(305) 664-8031,https://www.topsiderresort.com,https://www.facebook.com/topsiderresort/,Places to Stay: Moderate Lodging,
,White Gate Court,,reservations@whitegatecourt.com,(305) 664-4136,https://www.whitegatecourt.com,https://www.facebook.com/wherepetsarealwayswelcome/,Places to Stay: Moderate Lodging,
,Wicker Guest House,,,(305) 296-4275,https://www.keywesthospitalityinns.com,https://www.facebook.com/keywesthospitalityinns/,Places to Stay: Moderate Lodging,
,Blue Fin Inn,,info@keylantern.com,(305) 664-4572,https://www.keylantern.com,,Places to Stay: Economy Lodging,
,Coconut Cove Resort & Marina,,,(305) 664-0123,https://www.coconutcove.net,https://www.facebook.com/coconutcove.net/,Places to Stay: Economy Lodging,
,Edgewater Lodge,,jc@edgewaterlodge.com,(305) 664-2662,https://www.edgewaterlodge.com,https://www.facebook.com/EdgewaterLodge/,Places to Stay: Economy Lodging,
,Key Lantern Motel,,info@keylantern.com,(305) 664-4572,https://www.keylantern.com,,Places to Stay: Economy Lodging,
,Matecumbe Resort,,,(305) 664-8801,https://www.matecumberesort.net,https://www.facebook.com/pages/Matecumbe-Resort/112536589100939,Places to Stay: Economy Lodging,
,Angler's Reef 140,,floridakeyshomes@yahoo.com,(609) 290-1694,https://www.anglersreef140rental.com,https://www.facebook.com/AnglersReefRentals/,Places to Stay: Vacation Rentals,
,Bay Harbour,,olga@keysoceanviews.com,(305) 989-8980,https://www.keysoceanviews.com,https://www.facebook.com/keysoceanviews,Places to Stay: Vacation Rentals,
,Beach House at Tarpon Point,,TheBeachHouseAtTarponPoint@gmail.com,(609) 713-8964,https://www.thebeachhouseattarponpoint.com,https://www.facebook.com/TheBeachHouseTP/,Places to Stay: Vacation Rentals,
,Bennett's Beach Estate,,,(305) 394-3031,https://www.BennettsBeachEstate.com,https://www.facebook.com/bennettsbeachestate/,Places to Stay: Vacation Rentals,
,Coastal Vacation Rentals of the Florida Keys,,vacations@coastalfloridakeys.com,(305) 664-0077,https://www.coastalvacationrentalsofthefloridakeys.com,https://www.facebook.com/coastalvacationsflkeys/,Places to Stay: Vacation Rentals,
,Flakey's B&B,,,(305) 664-9722,https://www.floridakeysbrewingco.com,https://www.facebook.com/FloridaKeysBrewingCo/,Places to Stay: Vacation Rentals,
,Florida Keys Luxury Rentals,,info@myfklr.com,(305) 852-4321,https://www.myfklr.com,https://www.facebook.com/keysluxuryrentals/,Places to Stay: Vacation Rentals,
,Florida Keys Rental Store,,reservations@floridakeysrentalstore.com,(305) 451-3879,https://www.floridakeysrentalstore.com,https://www.facebook.com/FLKeysRentalStore/,Places to Stay: Vacation Rentals,
,Freewheeler Vacations,,rentals@freewheelervacations.com,(305) 664-2075,https://www.freewheelervacations.com,https://www.facebook.com/FreewheelerVacationRentals/,Places to Stay: Vacation Rentals,
,Irish Ayes Luxury Home Vacation Rental,,,(703) 979-7000,https://www.flkeysluxuryhome.com,https://www.facebook.com/people/Irish-Ayes-Luxury-Waterfront-Rental-Islamorada/100063580202762/,Places to Stay: Vacation Rentals,
,Island Villa Rental Properties,,rentals@islandvilla.com,(305) 664-3333,https://www.islandvilla.com,https://www.facebook.com/IslandVillaRentals/,Places to Stay: Vacation Rentals,
,Islamorada Vacation Rentals,,info@islamoradavacationrentals.com,(919) 809-2964,https://www.IslamoradaVacationRentals.com,https://www.facebook.com/IslamoradaVacationRentals/,Places to Stay: Vacation Rentals,
,Key West Timeshare Rentals,,,(877) 815-4227,https://www.sellmytimesharenow.com,,Places to Stay: Vacation Rentals,
,Keys Holiday Rentals,,info@keysholidayrentals.com,(305) 664-8808,https://www.keysholidayrentals.com,https://www.facebook.com/KeysRentals/,Places to Stay: Vacation Rentals,
,Mermaid's Bay Boutique Estate,,,(814) 335-7672,https://www.mermaidsbay.com,,Places to Stay: Vacation Rentals,
,Nest Villa at Holiday House,,upper_keys_rentals@yahoo.com,(954) 471-6248,https://www.upperkeysrentals.com,https://www.facebook.com/floridakeysrentals/,Places to Stay: Vacation Rentals,
,Oasis Beach House,,,(770) 912-0063,https://www.islamorada.wedding,,Places to Stay: Vacation Rentals,
,Oasis Vacation Rentals,,,(772) 485-2353,https://www.oasisfloridakeys.com,https://www.facebook.com/OASISFLORIDAKEYS/,Places to Stay: Vacation Rentals,
,Osprey Bay Villa,,ospreybay@bellsouth.net,(305) 393-2995,https://www.ospreybayvilla.com,,Places to Stay: Vacation Rentals,
,Star Properties Destinations,,,(305) 680-9852,https://www.starpropertiesdestinations.com,https://www.facebook.com/starpropertiesdestinations/,Places to Stay: Vacation Rentals,
,Sun Outdoors Islamorada,,,(786) 841-0030,https://www.soislamorada.com,https://www.facebook.com/SunOutdoorsIslamorada/,Places to Stay: Vacation Rentals,
,Upper Keys Rentals,,upper_keys_rentals@yahoo.com,(305) 850-9350,https://www.upperkeysrentals.com,https://www.facebook.com/floridakeysrentals/,Places to Stay: Vacation Rentals,
,KeySteam,,,(229) 516-0398,https://www.keysteamllc.com,,Weddings: Bridal Attire & Care,
,Seafoam Laundry,,info@seafoamlaundry.co,(305) 414-8376,,https://www.facebook.com/162760084080791/,Weddings: Bridal Attire & Care,
,Caribbean Catering and Rentals,,caribcatering@yahoo.com,(305) 664-0004,https://www.islamoradaweddings.com,,"Weddings: Cakes, Catering & Food Trucks",
,Craig's Island Time Catering,,,(305) 394-4228,https://tinyurl.com/muhnwr22,https://www.facebook.com/p/Craigs-Island-Time-Food-Truck-100076370856564/,"Weddings: Cakes, Catering & Food Trucks",
,Healthy D'Lites,,,(305) 896-2039,https://www.healthydlites305.com,https://www.facebook.com/healthydlites/,"Weddings: Cakes, Catering & Food Trucks",
,Island Queen Charcuterie Art,,,(586) 909-4553,https://justinasfoodart.com,,"Weddings: Cakes, Catering & Food Trucks",
,Unique D'Lites Custom Cakes,,,(305) 303-0829,https://www.uniquedlites.com,https://www.facebook.com/Unique-DLites-Custom-Cakes-205915052824733/,"Weddings: Cakes, Catering & Food Trucks",
,Floral Fantasy Weddings,,,(305) 664-1063,https://www.floralfantasyweddings.com,https://www.facebook.com/floralfantasyweddings/,Weddings: Florists & Party Favors,
,Florida Keys Event Custom Creations,,,(786) 255-2012,https://www.fkecc.com,,Weddings: Florists & Party Favors,
,Islamorada Shell Designs,,islamoradashelldesigns@gmail.com,(305) 209-5284,https://www.islamoradashelldesigns.com,,Weddings: Florists & Party Favors,
,Island Blooms,,,(305) 304-3504,https://www.islandblooms.com,https://www.facebook.com/islandblooms/,Weddings: Florists & Party Favors,
,Maria's Club Roses,,,(305) 509-1106,https://www.mariaclubroses.weebly.com,https://www.facebook.com/MClubRoses/,Weddings: Florists & Party Favors,
,Bluewater Community Church,,bluewaterinthekeys@gmail.com,(305) 853-1004,https://www.bluewaterinthekeys.com,,Weddings: Florists & Party Favors,
,Coral Isles Church,,coralisleschurch@gmail.com,(305) 852-5813,https://www.coralisleschurch.org,https://www.facebook.com/coralislesucc/,Weddings: Florists & Party Favors,
,Florida Keys Elks Lodge #1872,,fkelks1872@gmail.com,(305) 852-1872,https://www.elks.org,https://www.facebook.com/p/Florida-Keys-Elks-61555719590962/,Weddings: Florists & Party Favors,
,Island Community Church,,churchinfo@islandchristian.org,(305) 664-2781,https://www.islandcommunitychurch.org,https://www.facebook.com/ICCFLkeys/,Weddings: Florists & Party Favors,
,Keys Jewish Community Center,,,(305) 852-5235,https://www.keysjewishcenter.com,https://www.facebook.com/people/Keys-Jewish-Center-KJCC/100079979185815/,Weddings: Florists & Party Favors,
,Matecumbe Methodist Church,,,(305) 664-3661,https://www.matecumbeumc.org,https://www.facebook.com/matecumbemethodist/,Weddings: Florists & Party Favors,
,San Pedro Catholic Church,,,(305) 852-5372,https://www.sanpedroparish.org,https://www.facebook.com/SanPedro.catholicchurchparish/,Weddings: Florists & Party Favors,
,Beach Life Radio Entertainment Network,,music@beachliferadio.com,(305) 440-7067,https://www.beachliferadio.com,https://www.facebook.com/beachliferadio/,Weddings: Music,
,Cortadito Cuban Band,,,(786) 218-6854,https://www.joseeliasmusic.com,https://www.facebook.com/cortaditomusic/,Weddings: Music,
,J9 Sound and Lighting,,,(305) 501-7872,https://www.weddingdjfloridakeys.com,https://www.facebook.com/J9soundandlighting/,Weddings: Music,
,Frond + Feather Events,,olivia@frondandfeather.com,(305) 509-1326,https://www.frondandfeather.com,https://www.facebook.com/FrondandFeatherEvents/,Weddings: Officiants & Event Planners,
,Key Destination Weddings & Events,,info@keydestinationevents.com,(305) 916-5571,https://www.keydestinationevents.com,https://www.facebook.com/keydestinationweddings/,Weddings: Officiants & Event Planners | Weddings: Photographers/Videographers,
,"Barrett Printing, Apparel & Promotional Products",,sales@barrettprinting.net,(305) 293-4501,https://www.barrettprinting.com,https://www.facebook.com/LocalEnterprises/,Weddings: Printing,
,Keys Life Magazine,,apope@keyslifemagazine.com,(305) 453-6674,https://www.keyslifemagazine.com,https://www.facebook.com/KeysLifeMagazine/,Weddings: Printing,
,Origin Design & Media,,meejasdesign@hotmail.com,(305) 393-7252,,https://www.facebook.com/OriginDesignMedia/,Weddings: Printing,
,Print Farm,,info@printfarm.com,(305) 710-2363,https://pf-solutions.com,https://www.facebook.com/PFSolutionss/,Weddings: Printing,
ILI,Vital Signs,,,(305) 451-5133,https://www.vitalsignskeylargo.net,https://www.facebook.com/KeyLargoVitalSigns/,Weddings: Printing,
,All Keys Port-A-Let,,,(305) 664-2226,,https://www.facebook.com/p/All-Keys-Port-A-Lets-61567487141694/,Weddings: Rental Equipment,
,Coral Keys Party Rentals,,rentalsandsauces@hotmail.com,(305) 587-1633,https://www.coralkeyspartyrentals.com,https://www.facebook.com/CoralKeysPartyRentals/,Weddings: Rental Equipment,
,Island Restroom Suites,,,(786) 766-1067,https://www.islandrestrooms.com,https://www.facebook.com/islandrestrooms/,Weddings: Rental Equipment,
,Prestige Event Services,,info@keywestprestige.com,(786) 243-0725,https://www.prestigetents.com,https://www.facebook.com/PrestigeEventServicesInc/,Weddings: Rental Equipment,
,Anne Harris CPA,,,(305) 393-2250,,,Area Services: Accountants & Bookkeeping,
,BAK Bookkeeping,,beth@bakbookkeeping.com,(810) 229-8991,https://bakbookkeeping.com,,Area Services: Accountants & Bookkeeping,
,Gulf Breeze Bookkeeping,,,(727) 248-0488,https://thebookkeeperforyou.com,https://www.facebook.com/GBBookkeeping17/,Area Services: Accountants & Bookkeeping,
,Keys Accounting & Tax Service,,info@keysaccounting.com,(305) 451-3464,https://keysaccounting.com,https://www.facebook.com/keysaccountingandtaxservice/,Area Services: Accountants & Bookkeeping,
,"Pribramsky & Company, CPAs",,info@pribramskycpa.com,(305) 735-4325,https://pribramskycpa.com,https://www.facebook.com/PribramskyCompany/,Area Services: Accountants & Bookkeeping,
,"Tolley & Hill, PLLC",,,(305) 852-9898,https://tolleyandhillcpa.com,https://www.facebook.com/TolleyandHill/,Area Services: Accountants & Bookkeeping,
,Bayside Plumbing and Maintenance,,,(305) 453-5435,https://tinyurl.com/28cvj55n,https://www.facebook.com/bayside-plumbing-maintenance-1567224890161647/,"Area Services: Air Conditioning, Electrical & Plumbing",
,BC Enterprises/Plumbers in Paradise,,,(305) 852-0401,https://facebook.com/BCEnterprises,https://www.facebook.com/BCEnterprises,"Area Services: Air Conditioning, Electrical & Plumbing",
,CDI of Monroe,,cdiofmonroe@outlook.com,(305) 833-7397,https://cdiofmonroe.com,https://www.facebook.com/cdiofmonroe,"Area Services: Air Conditioning, Electrical & Plumbing",
,Island Air Control,,office@islandaircontrol.com,(305) 852-4042,https://islandaircontrol.com,https://www.facebook.com/IslandAirControl/,"Area Services: Air Conditioning, Electrical & Plumbing",
,"Ken Gentes, Electrical Contractor",,kgenxr@aol.com,(305) 522-6468,https://floridakeyselectric.com,,"Area Services: Air Conditioning, Electrical & Plumbing",
,Nationwide Plumbing Services,,info@nwpflkeys.com,(305) 853-1848,https://nationwide-plumbing-service.com,https://www.facebook.com/nwpflkeys/,"Area Services: Air Conditioning, Electrical & Plumbing",
ILI,Rex Air,,,(305) 852-8230,https://rexairac.com,https://www.facebook.com/rexairackeepitlocal/,"Area Services: Air Conditioning, Electrical & Plumbing",
,Rocket Cooling,,,(305) 852-2960,https://www.rocketcooling.com,https://www.facebook.com/rocketcoolingthekeys/,"Area Services: Air Conditioning, Electrical & Plumbing",
,Windy Day Plumbing,,info@windydayplumbing.com,(305) 664-9701,https://facebook.com/WDP.inc,https://www.facebook.com/WDP.inc/,"Area Services: Air Conditioning, Electrical & Plumbing",
,Aluminum Systems,,,(305) 587-1581,https://www.allkeysgutter.com,https://www.facebook.com/AllKeysGutter/,"Area Services: Air Conditioning, Electrical & Plumbing",
,Beach House Gardens,,,(305) 453-9377,,,"Area Services: Air Conditioning, Electrical & Plumbing",
,Buena Vista Beautification,,bvbeautification@gmail.com,(786) 908-3407,,https://www.facebook.com/buenavistabeautification,"Area Services: Air Conditioning, Electrical & Plumbing",
,Chavez Weed Control & Yard Services,,,(305) 522-3815,,,"Area Services: Air Conditioning, Electrical & Plumbing",
,D'Antoni Outdoor Design,,,(305) 510-4784,https://dantonioutdoordesign.com,,"Area Services: Air Conditioning, Electrical & Plumbing",
,Down South Patriot,,,(305) 393-9655,https://downsouthpatriot.com,,"Area Services: Air Conditioning, Electrical & Plumbing",
,Islamorada Brick Company,,leechristine@islamoradabrick.com,(305) 664-3366,https://islamoradabrick.com,https://www.facebook.com/islamoradabrick/,"Area Services: Air Conditioning, Electrical & Plumbing",
,K2M Design,,hcarruthers@k2mdesign.com,(305) 292-7722,https://k2mdesign.com,https://www.facebook.com/k2mdesigninc/,"Area Services: Air Conditioning, Electrical & Plumbing",
,Keyscape Landscape Design,,info@keyscapelandscape.com,(786) 618-0369,https://keyscapelandscape.com,,"Area Services: Air Conditioning, Electrical & Plumbing",
,Kitchen & Bath Specialists,,pamela@kbspecialists.com,(305) 852-4302,https://kbspecialists.com,https://www.facebook.com/Bestkitchenbathdesigns/,"Area Services: Air Conditioning, Electrical & Plumbing",
,La Isla Tree Care Company,,,(305) 853-6849,https://laislatree.com,https://www.facebook.com/LaIslaTreeCare/,"Area Services: Air Conditioning, Electrical & Plumbing",
,MHK Architecture,,,(239) 331-7092,https://mhkarchitecture.com,https://www.facebook.com/mhkarchitecture/,"Area Services: Air Conditioning, Electrical & Plumbing",
,Michael Flaugh Landscape Architect,,,(772) 201-9733,https://mikeflaughla.com,https://www.facebook.com/landarchmike/,"Area Services: Air Conditioning, Electrical & Plumbing",
,Reef Window Treatments,,,(305) 676-8037,https://reefwindowtreatments.com,https://www.facebook.com/ReefWindowTreatments/,"Area Services: Air Conditioning, Electrical & Plumbing",
,Reynolds Engineering Services,,,(305) 394-5987,,,"Area Services: Air Conditioning, Electrical & Plumbing",
,Robert Barnes & Associates,,projects@robertbarnesassociates.com,(305) 247-6150,https://robertbarnesassociates.com,,"Area Services: Air Conditioning, Electrical & Plumbing",
,Ship Shape Retractable Screens & Awnings,,,(954) 448-5151,https://www.shipshapescreensandawnings.com,https://www.facebook.com/shipshapescreensandawnings/,"Area Services: Air Conditioning, Electrical & Plumbing",
,Storm Smart,,,(239) 938-1000,https://stormsmart.com,https://www.facebook.com/BeStormSmart/,"Area Services: Air Conditioning, Electrical & Plumbing",
,Venus Windows & Doors,,info@venuswad.com,(786) 701-2940,https://venuswad.com,https://www.facebook.com/venuswindowsanddoors/,"Area Services: Air Conditioning, Electrical & Plumbing",
,Wright's Impact Windows & Door,,,(561) 255-1994,https://www.wrightsimpactwindowanddoor.com,https://www.facebook.com/wrightsusa/,"Area Services: Air Conditioning, Electrical & Plumbing | Area Services: Attorneys",
,"Dennis Ward, Monroe County State Attorney",,Dward@keyssao.org,(305) 852-7170,https://keyssao.org,https://www.facebook.com/FloridaKeysSAO,Area Services: Attorneys,
,Fonte Friz-Garcia Immigration Firm,,kfonte@visadoctors.com,(305) 446-1151,https://www.visadoctors.com,https://www.facebook.com/fontefrizgarciaimmigrationfirm/,Area Services: Attorneys,
,Detailing the Keys,,,(786) 273-5248,https://detailingthekeys.com,https://www.facebook.com/DetailingtheKeys/,Area Services: Automotive,
,Homestead Genesis,,,(844) 339-4263,https://www.homesteadgenesis.com,https://www.facebook.com/HomesteadGenesis/,Area Services: Automotive,
,IQautos,,,(305) 990-1792,https://iqautos.com,https://www.facebook.com/IQautos,Area Services: Automotive,
,Tim's Mobile Service,,,(305) 942-3698,https://www.timsmobileservice.com,https://www.facebook.com/Timsmobileservice/,Area Services: Automotive,
,Vic's Auto Tech,,vicsautoshop@bellsouth.net,(305) 852-5098,https://facebook.com/vicsautotechfl,https://www.facebook.com/vicsautotechfl,Area Services: Automotive | Area Services: Banking & Financial Planning,
,Centennial Bank,,info@my100bank.com,(305) 676-3124,https://my100bank.com,https://www.facebook.com/my100bank/,Area Services: Banking & Financial Planning,
,Chapman & Cardwell Capital Management,,Juan.Papadopulos@chapmanandcardwell.com,(305) 451-0408,https://chapmanandcardwell.com,https://www.facebook.com/p/Chapman-Cardwell-Capital-Management-100048065006295/,Area Services: Banking & Financial Planning,
,First Horizon Bank,,,(305) 664-4483,https://firsthorizon.com,https://www.facebook.com/FirstHorizonBank/,Area Services: Banking & Financial Planning,
,First State Bank of the Florida Keys,,,(305) 664-9070,https://keysbank.com,https://www.facebook.com/keysbank/,Area Services: Banking & Financial Planning,
,"Islamorada Investment Management, LLP",,info@islainvest.com,(305) 522-1333,https://islainvest.com,,Area Services: Banking & Financial Planning,
,Keys Federal Credit Union,,,(305) 293-6024,https://keysfcu.org,https://www.facebook.com/KeysFederalCreditUnion/,Area Services: Banking & Financial Planning,
,SouthState Bank,,,(305) 852-0516,https://southstatebank.com,https://www.facebook.com/SouthStateBank/,Area Services: Banking & Financial Planning,
,Duval Street Media,,chris@duvalstreetmedia.com,(305) 394-4014,https://duvalstreetmedia.com,https://www.facebook.com/DuvalStreetMedia/,"Area Services: Business Consultants, Marketing & Social Media",
,Florida Keys Marketing Group,,,(305) 522-0241,https://marketingflkeys.com,https://www.facebook.com/FLKeysMarketing/,"Area Services: Business Consultants, Marketing & Social Media",
,Florida Small Business Development Center,,sbdc@fiu.edu,(904) 463-0513,https://sbdc.fiu.edu,https://www.facebook.com/FloridaSBDCatFIU/,"Area Services: Business Consultants, Marketing & Social Media",
,Little Island Marketing & Design,,,(305) 814-4194,https://littleisland.design,https://www.facebook.com/littleislanddesign/,"Area Services: Business Consultants, Marketing & Social Media",
,Island Custom Embroidery,,Icemb@bellsouth.net,(305) 664-4433,https://islandcustomembroidery.com,,"Area Services: Business Consultants, Marketing & Social Media",
,Keys Custom Tees,,,(305) 451-9557,https://keyscustomtees.com,https://www.facebook.com/p/Keys-Custom-Tees-100066861616905/,"Area Services: Business Consultants, Marketing & Social Media",
,Keys Imaging,,,(305) 853-1712,https://keysimaging.com,https://www.facebook.com/p/Keys-Imaging-a-division-of-Keys-Business-Solutions-South-100054224031966/,"Area Services: Business Consultants, Marketing & Social Media",
,Keys Smartphone Repair,,,(305) 896-1675,https://keyssmartphonerepair.com,https://www.facebook.com/keyssmartphonerepair/,"Area Services: Business Consultants, Marketing & Social Media",
,Kim Bouchard Graphic Designer,,,(305) 394-3220,,,"Area Services: Business Consultants, Marketing & Social Media",
,KISS Distributing,,,(305) 393-4425,,,"Area Services: Business Consultants, Marketing & Social Media",
,Monifi Technology Group,,info@monifi.tech,(305) 922-2762,https://monifi.net,https://www.facebook.com/monifi.tech/,"Area Services: Business Consultants, Marketing & Social Media",
,National Transaction Corporation,,service@nationaltransaction.com,(888) 996-2273,https://nationaltransaction.com,https://www.facebook.com/BaxteratNTC/,"Area Services: Business Consultants, Marketing & Social Media",
,Ocean Dayz,,CSteele@oceandayz.com,(305) 664-0095,,,"Area Services: Business Consultants, Marketing & Social Media",
,Overseas Media Group,,annie@overseasmediagroup.com,(305) 906-0272,https://overseasmediagroup.com,https://www.facebook.com/OverseasMediaGroup/,"Area Services: Business Consultants, Marketing & Social Media",
,Resource Environmental Solutions,,,(305) 294-1238,https://res.us,,"Area Services: Business Consultants, Marketing & Social Media",
,SE Multimedia,,info@semultimedia.com,(305) 664-4822,https://www.semultimedia.com,,"Area Services: Business Consultants, Marketing & Social Media",
,Two Oceans Digital,,info@twooceansdigital.com,(305) 292-1880,https://twooceansdigital.com,https://www.facebook.com/twooceansdigital/,"Area Services: Business Consultants, Marketing & Social Media",
,CareerSource South Florida,,,(305) 853-3540,https://careersourcesfl.com,https://www.facebook.com/CareerSourceSFL/,Area Services: Business Support & Service,
,Innovative Technology Solutions,,admin@itssimplified.com,(305) 600-1411,https://itssimplified.com,https://www.facebook.com/itssimplified/,Area Services: Business Support & Service,
,Postnet,,,(305) 853-1101,https://postnet.com,,Area Services: Business Support & Service,
,Sands of the Keys,,,(305) 852-4378,https://sandsofthekeys.com,,Area Services: Business Support & Service,
,WWGGD Direct Merchant Banking,,,(305) 735-3881,,,Area Services: Business Support & Service,
,Castle Services,,info@castleservicesinc.com,(305) 242-0536,https://castleservicesinc.com,https://www.facebook.com/castleservicesincorporated/,"Area Services: Cleaning, Moving, Storage & Pest Control",
,CAT 5 Self Storage,,,(305) 376-7097,https://cat5selfstorage.com,https://www.facebook.com/p/CAT-5-Self-Storage-Wine-Vault-61561060443849/,"Area Services: Cleaning, Moving, Storage & Pest Control",
,Charter Pest Control,,,(305) 451-3389,https://charterpestcontrol.com,https://www.facebook.com/charterpestcontrol/,"Area Services: Cleaning, Moving, Storage & Pest Control",
,Maid in Paradise,,info@maidinparadise.com,(305) 504-3939,https://facebook.com/maidinparadiseflkeys,https://www.facebook.com/maidinparadiseflkeys/,"Area Services: Cleaning, Moving, Storage & Pest Control",
,Terminix,,tmx2787@terminix.com,(305) 619-2754,https://terminix.com,https://www.facebook.com/TerminixKeyWest/,"Area Services: Cleaning, Moving, Storage & Pest Control",
,Edge Communications,,info@edgecommunications.com,(800) 885-3343,https://edgecommunications.com,,"Area Services: Computer Service, Tech Support, Internet & Telecom",
,SCS of South Florida,,,(305) 848-8881,https://scs.systems,https://www.facebook.com/p/SCS-of-South-Florida-LLC-100064043675049/,"Area Services: Computer Service, Tech Support, Internet & Telecom",
,St. Aubin Technologies,,helpdesk@st-aubin.com,(305) 247-2227,https://st-aubin.com,https://www.facebook.com/staubintech/,"Area Services: Computer Service, Tech Support, Internet & Telecom",
,TerraNovaNet High Speed Internet & Phone Services,,support@terranova.net,(305) 453-4011,https://terranova.net,,"Area Services: Computer Service, Tech Support, Internet & Telecom",
,A Handyman in Paradise,,,(305) 900-0857,,,"Area Services: Contractors, Construction, Elevators, Remodeling & Repairs",
,A Plus Prestige Appliance Service,,,(786) 615-4949,https://appaservice.com,https://www.facebook.com/APlusPrestigeAppliance/,"Area Services: Contractors, Construction, Elevators, Remodeling & Repairs",
,All Keys Concrete,,officemanager@allkeysconcrete.com,(305) 453-0368,https://allkeysconcrete.com,https://www.facebook.com/AllKeysConcrete/,"Area Services: Contractors, Construction, Elevators, Remodeling & Repairs",
,Apex One Home Inspections,,info@apexonefl.com,(305) 390-0440,https://apexonefl.com,https://www.facebook.com/ApexOneInspectionsAndSurveys/,"Area Services: Contractors, Construction, Elevators, Remodeling & Repairs",
,CBT Construction & Development,,,(305) 852-3002,https://cbtconstruct.com,https://www.facebook.com/p/CBT-Construction-and-Development-100065070097788/,"Area Services: Contractors, Construction, Elevators, Remodeling & Repairs",
,Chris-Tel Construction,,info@christelconstruction.com,(305) 735-4623,https://christelconstruction.com,https://www.facebook.com/ChrisTelConstruction/,"Area Services: Contractors, Construction, Elevators, Remodeling & Repairs",
,Cornerstone Construction of the Keys,,,(305) 852-4185,https://cornerstoneconstructionofthekeys.com,,"Area Services: Contractors, Construction, Elevators, Remodeling & Repairs",
,Cottrell Welding and Metal Fabrication,,,(305) 451-1551,,,"Area Services: Contractors, Construction, Elevators, Remodeling & Repairs",
,Florida Keys Contractors Association,,admin@fkca.org,(305) 743-9409,https://fkca.org,https://www.facebook.com/p/Florida-Keys-Contractors-Association-100054537276976/,"Area Services: Contractors, Construction, Elevators, Remodeling & Repairs",
,Go 2 Guy,,,(305) 964-7244,https://thego2guy.co,,"Area Services: Contractors, Construction, Elevators, Remodeling & Repairs",
,Islamorada Elevator Company,,info@islamoradaelevator.com,(305) 852-1618,https://islamoradaelevator.com,,"Area Services: Contractors, Construction, Elevators, Remodeling & Repairs",
,Island Construction Management,,,(305) 852-9607,,,"Area Services: Contractors, Construction, Elevators, Remodeling & Repairs",
,Island Villa Construction,,john@islandvilla.com,(305) 664-8900,https://islandvillageneralcontractor.com,https://www.facebook.com/islandvillaconstruction/,"Area Services: Contractors, Construction, Elevators, Remodeling & Repairs",
,Lindholm Roofing and Sheet Metal,,info@ricklindholm.com,(305) 852-5730,https://ricklindholm.com,,"Area Services: Contractors, Construction, Elevators, Remodeling & Repairs",
,M.C.F. Construction,,,(305) 522-5643,,,"Area Services: Contractors, Construction, Elevators, Remodeling & Repairs",
,Native Construction Contracting,,,(305) 852-3116,https://nativeconstruction.com,https://www.facebook.com/p/Native-Construction-Contracting-Inc-100052849491785/,"Area Services: Contractors, Construction, Elevators, Remodeling & Repairs",
,Paradise Appliance,,,(305) 900-0463,,,"Area Services: Contractors, Construction, Elevators, Remodeling & Repairs",
,Precision Pavers,,,(305) 393-4187,https://floridakeyspavers.com,https://www.facebook.com/p/Precision-Pavers-61573937744248/,"Area Services: Contractors, Construction, Elevators, Remodeling & Repairs",
,R. Hendrick Construction,,info@rhendrickconstruction.com,(305) 289-1001,https://www.rhendrickconstruction.com,,"Area Services: Contractors, Construction, Elevators, Remodeling & Repairs",
,TEC Home Inspector,,,(786) 698-4663,https://TECHhomeinspectors.com,,"Area Services: Contractors, Construction, Elevators, Remodeling & Repairs | Area Services: Delivery, Distributors, Shipping & Wholesalers",
,Florida Keys Farm,,mccarthy.candice@gmail.com,(401) 447-6787,https://floridakeysfarm.com,https://www.facebook.com/p/Florida-Keys-Farm-100057281146626/,"Area Services: Delivery, Distributors, Shipping & Wholesalers",
,Florida Keys Hot Sauce Company,,,(305) 587-1633,https://floridakeyshotsauce.com,https://www.facebook.com/p/Florida-Keys-Hot-Sauce-Company-100027880046499/,"Area Services: Delivery, Distributors, Shipping & Wholesalers",
,Keys Salt Scrub,,shop@thekeyssaltscrub.com,(305) 852-9499,https://thekeyssaltscrub.com,https://www.facebook.com/thekeyssaltscrub/,"Area Services: Delivery, Distributors, Shipping & Wholesalers",
,Manatee Mailboxes of the Florida Keys,,,(305) 587-7287,https://manateemailboxes.com,https://www.facebook.com/manateemailboxes/,"Area Services: Delivery, Distributors, Shipping & Wholesalers",
,Suburban Propane,,,(305) 451-0761,https://suburbanpropane.com,https://www.facebook.com/p/Suburban-Propane-100089998241477/,"Area Services: Delivery, Distributors, Shipping & Wholesalers",
,Bastille LLC,,,(305) 664-3343,https://bastillelive.com,,Area Services: Entertainment & Performing Arts,
,16th Judicial Circuit Guardian ad Litem Program,,,(305) 292-3485,https://guardianadlitem.org,,"Area Services: Government, Education, Schools & Seminars",
,College of the Florida Keys,,admissions@cfk.edu,(305) 853-8007,https://cfk.edu,https://www.facebook.com/TheCollegeoftheFloridaKeys/,"Area Services: Government, Education, Schools & Seminars",
,Coral Shores High School,,,(305) 853-3222,https://keysschools.com,https://www.facebook.com/coralshoreshighschool/,"Area Services: Government, Education, Schools & Seminars",
,Early Learning Coalition of Miami-Dade Monroe,,,(305) 296-5557,https://elcmdm.org,,"Area Services: Government, Education, Schools & Seminars",
,Florida International University Medina Aquarius Program,,,(305) 664-2916,https://aquarius.fiu.edu,,"Area Services: Government, Education, Schools & Seminars",
,Florida Keys Mosquito Control,,questions@keysmosquito.org,(305) 292-7190,https://keysmosquito.org,https://www.facebook.com/FKMCD,"Area Services: Government, Education, Schools & Seminars",
,Islamorada Child Care & Learning Center,,,(305) 453-6784,https://islamoradachildcare.com,https://www.facebook.com/IslamoradaChildCare/,"Area Services: Government, Education, Schools & Seminars",
,Islamorada Village of Islands,,,(305) 664-6427,https://islamorada.fl.us,,"Area Services: Government, Education, Schools & Seminars",
,Key Largo School,,,(305) 453-1255,https://keysschools.com,,"Area Services: Government, Education, Schools & Seminars",
,Minimize Testing Maximize Learning,,,(305) 240-1565,https://minimizetesting.com,,"Area Services: Government, Education, Schools & Seminars",
,Monroe County Sheriff's Office,,,(305) 664-6480,https://keysso.net,https://www.facebook.com/floridakeyssheriff/,"Area Services: Government, Education, Schools & Seminars",
,MOTE Marine Laboratory & Aquarium,,,(305) 745-2729,https://mote.org,https://www.facebook.com/MoteMarineLab,"Area Services: Government, Education, Schools & Seminars",
,Ocean Studies Charter School,,,(305) 852-7700,https://oceanstudiescharterschool.org,https://www.facebook.com/OceanStudiesCharter/,"Area Services: Government, Education, Schools & Seminars",
,Plantation Key School,,,(305) 853-3281,https://keysschools.com,,"Area Services: Government, Education, Schools & Seminars",
,Southernmost Leadership Network,,,(305) 393-0236,,,"Area Services: Government, Education, Schools & Seminars",
,St. James Children's Center,,administrator@stjamesthefisherman.org,(305) 852-8468,https://stjamesthefisherman.org,https://www.facebook.com/StJamesChildrensCenter/,"Area Services: Government, Education, Schools & Seminars",
,Treasure Village Montessori Charter School,,,(305) 852-3482,https://treasurevillagemontessori.com,https://www.facebook.com/TreasureVillageMontessori/,"Area Services: Government, Education, Schools & Seminars",
,Allen-Beyer Funeral Home,,,(305) 451-1444,https://allenbeyer.com,https://www.facebook.com/AllenBeyerFuneralHome/,Area Services: Funeral Services,
,SCS of South Florida Home,,,(305) 848-8881,https://scs.systems,https://www.facebook.com/p/SCS-of-South-Florida-LLC-100064043675049/,Area Services: Home Automation & Security,
,Adjusting Experts,,info@adjustingexperts.com,(305) 392-1065,https://adjustingexperts.com,https://www.facebook.com/AdjustingExperts/,Area Services: Insurance,
,Dockmaster's Yacht & Marine Insurance,,,(443) 282-3130,https://dockmastersinsurance.com,,Area Services: Insurance,
,Healthmarkets Insurance Agency,,,(305) 676-4446,https://healthmarkets.com,,Area Services: Insurance,
ILI,Houston Insurance Agency,,,(305) 453-6241,https://houstoninsuranceagency.net,https://www.facebook.com/yourkeystoprotection/,Area Services: Insurance,
,Regan ROTH Insurance Agency,,jroth@reganinsuranceinc.com,(305) 852-3234,https://reganroth.com,https://www.facebook.com/reganinsuranceinc/,Area Services: Insurance,
,Simply IOA,,,(305) 743-0494,https://implyioa.com,https://www.facebook.com/SimplyIOA/,Area Services: Insurance,
,USI Insurance Services,,,(786) 785-1118,https://usi.com,,Area Services: Insurance,
,All Keys Boat Lifts,,tyjama3@comcast.net,(305) 453-0076,https://allkeysboatlift.com,https://www.facebook.com/p/ALL-KEYS-BOAT-LIFTS-100063754201565/,"Area Services: Marine Services, Docks & Retail Boat Sales",
ILI,Caribee Boat Sales & Marina,,,(305) 664-3431,https://caribeeboats.com,https://www.facebook.com/caribeeboats/,"Area Services: Marine Services, Docks & Retail Boat Sales",
,Island Marine Contractors,,ashley@islandmarinecontractors.com,(305) 853-5655,https://islandmarinecontractors.com,https://www.facebook.com/Islandmarinecontractor/,"Area Services: Marine Services, Docks & Retail Boat Sales",
,Keys Deck & Dock Supply,,info@keysdecksanddocks.com,(305) 451-8001,https://keysdecksanddocks.com,,"Area Services: Marine Services, Docks & Retail Boat Sales",
,Marine Connection,,info@marineconnection.com,(305) 359-3353,https://marineconnection.com,https://www.facebook.com/marineconnection/,"Area Services: Marine Services, Docks & Retail Boat Sales",
,Miller Marine,,millermarineislamorada@gmail.com,(305) 282-2142,https://millermarinefl.com,https://www.facebook.com/millermarinefl/,"Area Services: Marine Services, Docks & Retail Boat Sales",
,Neptune Atlantic Boatlifts,,sales@neptuneatlanticboatlifts.com,(305) 853-9400,https://neptuneatlanticboatlifts.com,https://www.facebook.com/NeptuneAtlantic/,"Area Services: Marine Services, Docks & Retail Boat Sales",
,Riva Motorsports & Marine of the Keys,,sales@rivamm.com,(305) 451-3320,https://rivamm.com,,"Area Services: Marine Services, Docks & Retail Boat Sales",
,S & S Performance Marine,,info@ssperformancemarine.com,(305) 951-9846,https://ssperformancemarine.com,https://www.facebook.com/ssperformanceinc/,"Area Services: Marine Services, Docks & Retail Boat Sales",
,SD Marine Group,,sales@sdmarine.com,(305) 440-2685,https://sdmarine.com,https://www.facebook.com/sdmarinegroup/,"Area Services: Marine Services, Docks & Retail Boat Sales",
,Sea Tow Islamorada,,islamorada@seatow.com,(305) 664-4493,https://seatow.com,https://www.facebook.com/SeaTowIslamorada/,"Area Services: Marine Services, Docks & Retail Boat Sales",
,Seven Sports Marine,,rentals@sevensports.com,(305) 664-2463,https://islamoradawatersports.com,https://www.facebook.com/sevensportsmarine/,"Area Services: Marine Services, Docks & Retail Boat Sales",
,Southeast Marine Construction,,keys@semarineconstruction.com,(305) 853-5300,https://southeastmarineconstruction.com,https://www.facebook.com/p/Southeast-Marine-Construction-100064742854331/,"Area Services: Marine Services, Docks & Retail Boat Sales",
,Tactical Marine,,service@tactical-marine.com,(305) 731-0233,https://tactical-marine.com,,"Area Services: Marine Services, Docks & Retail Boat Sales",
,Tiki Water Sports,,sales@tikiwatersports.com,(305) 852-9298,https://tikiwatersports.com,https://www.facebook.com/p/Tiki-Water-Sports-Inc-100079140125711/,"Area Services: Marine Services, Docks & Retail Boat Sales",
,Tow Boat US Islamorada,,,(305) 852-6451,https://boatus.com,https://www.facebook.com/TOWBOATUS.ISLAMORADA/,"Area Services: Marine Services, Docks & Retail Boat Sales",
,Unique Marine,,sales@uniquemarine.com,(305) 853-5370,https://uniquemarine.com,https://www.facebook.com/uniquemarine.fl/,"Area Services: Marine Services, Docks & Retail Boat Sales",
,Upper Keys Marine Construction,,buildit@upperkeysmarine.com,(305) 853-2644,https://ukmc.com,,"Area Services: Marine Services, Docks & Retail Boat Sales",
,Yacht Works,,kent@yachtworks.net,(305) 615-1430,https://yachtworks.net,https://www.facebook.com/yachtworks/,"Area Services: Marine Services, Docks & Retail Boat Sales",
,APG Adams Publishing Group,,newsroom@keysnews.com,(305) 853-7277,https://keysnews.com,https://www.facebook.com/FloridaKeysFreePress/,Area Services: Media & Publishing,
,Destination Florida Keys & Key West,,info@destinationflorida.com,(305) 304-2100,https://destinationfloridakeys.com,https://www.facebook.com/DestinationFloridaKeys/,Area Services: Media & Publishing,
,Great Locations,,,(954) 943-1188,https://greatlocations.com,https://www.facebook.com/GreatLocationsFloridaKeys/,Area Services: Media & Publishing,
,Homes & Land of the Florida Keys,,,(305) 289-1644,https://floridakeys.homesandland.com,https://www.facebook.com/HomesAndLandofTheFloridaKeys/,Area Services: Media & Publishing,
,Keys Property Visuals,,,(305) 587-7077,https://keyspropertyvisuals.com,https://www.facebook.com/keysbook/,Area Services: Media & Publishing,
,Keys Weekly Newspaper,,sales@keysweekly.com,(305) 363-2957,https://keysweekly.com,https://www.facebook.com/theweekly/,Area Services: Media & Publishing,
,NewmanPR,,,(305) 461-3300,https://newmanpr.com,https://www.facebook.com/NewmanPR/,Area Services: Media & Publishing,
,Outfront Media,,,(305) 852-5784,https://outfrontmedia.com,,Area Services: Media & Publishing,
,Time Out Magazine,,thetimeoutmagazine@gmail.com,(305) 289-3936,https://timeoutmagazine.com,https://www.facebook.com/timeoutmagazineusa/,Area Services: Media & Publishing,
,Coral Reef Title Company,,coralreeftitlekl@outlook.com,(305) 664-9200,https://coralreeftitle.com,https://www.facebook.com/CoralReefTitle/,"Area Services: Mortgage, Titles & Appraisals",
,Horizon Mortgage Services,,,(305) 664-4664,https://horizonbank.com,,"Area Services: Mortgage, Titles & Appraisals",
,Miss Mortgage Loans,,Claire@MissMortgageLoans.com,(305) 916-8485,,https://www.facebook.com/people/Claire-Montang-Team-Miss-Mortgage-Loans/100078134593620/,"Area Services: Mortgage, Titles & Appraisals",
,Title Station,,info@thetitlestation.com,(321) 266-7607,https://thetitlestation.com,https://www.facebook.com/TitleStation/,"Area Services: Mortgage, Titles & Appraisals",
,American Legion Islamorada Post 145,,145legionpost@gmail.com,(305) 394-3435,https://floridalegion.org,,Area Services: Non Profit Agencies,
,Big Brothers Big Sisters of Miami,,marketing@bbbsmiami.org,(305) 644-0066,https://bbbsmiami.org,https://www.facebook.com/BBBSMiami/,Area Services: Non Profit Agencies,
,Blue Water Surrender,,info@bluewatersurrender.org,(305) 587-7144,https://bluewatersurrender.org,https://www.facebook.com/BluewaterSurrender/,Area Services: Non Profit Agencies,
,Boy Scouts of America Florida Sea Base,,paul.beal@scouting.org,(305) 664-4173,https://bsaseabase.org,https://www.facebook.com/BSASeaBase/,Area Services: Non Profit Agencies,
,Business & Professional Women's Club of the Upper Keys,,bpwupperkeys@gmail.com,(305) 767-3928,https://upperkeysbpw.org,https://www.facebook.com/UpperKeysBPW/,Area Services: Non Profit Agencies,
,Center for Independent Living of the Keys,,cilk@cilofthekeys.org,(305) 453-3491,https://cilofthekeys.org,https://www.facebook.com/cilofthekeys/,Area Services: Non Profit Agencies,
,Chapters Health Hospice,,info@chaptershealth.org,(305) 396-8100,https://chaptershealth.org,https://www.facebook.com/ChaptersHealth/,Area Services: Non Profit Agencies,
,Coastal Conservation Association of the Florida Keys,,info@ccaflorida.org,(407) 854-7002,https://ccaflorida.org,https://www.facebook.com/CCAFL/,Area Services: Non Profit Agencies,
,Community Foundation of the Florida Keys,,cffk@cffk.org,(305) 292-1502,https://cffk.org,https://www.facebook.com/CFkeys/,Area Services: Non Profit Agencies,
,Coral Restoration Foundation,,info@coralrestoration.org,(305) 453-7030,https://coralrestoration.org,https://www.facebook.com/CoralRestorationFoundation/,Area Services: Non Profit Agencies,
,Crustacean Plantation,,,(740) 357-2269,https://custaceanplantation.org,https://www.facebook.com/CrustaceanPlantation/,Area Services: Non Profit Agencies,
,Domestic Abuse Shelter,,,(305) 743-5452,https://domesticabuseshelter.org,https://www.facebook.com/DomesticAbuseShelterFLKeys,Area Services: Non Profit Agencies,
,Everglades Foundation,,,(305) 251-0001,https://evergladesfoundation.org,https://www.facebook.com/evergladesfoundation/,Area Services: Non Profit Agencies,
,Florida Bay Forever,,info@floridabayforever.org,(305) 509-7545,https://floridabayforever.org,https://www.facebook.com/floridabayforever/,Area Services: Non Profit Agencies,
,Florida Keys Board of Realtors,,info@flkeysboardofrealtors.com,(305) 852-9294,https://flkeysboardofrealtors.com,,Area Services: Non Profit Agencies,
,Florida Keys Chapter DAR,,floridakeysdar@yahoo.com,(305) 731-1448,https://fssdar.com,https://www.facebook.com/FloridaKeysDar/,Area Services: Non Profit Agencies,
,Florida Keys Children's Shelter,,,(305) 852-4246,https://fkcs.org,https://www.facebook.com/keysshelter/,Area Services: Non Profit Agencies,
,Florida Keys National Marine Sanctuary Foundation,,,(305) 809-7400,https://floridakeysfoundation.org,https://www.facebook.com/FKNMSF/,Area Services: Non Profit Agencies,
,Florida Keys Outreach Coalition,,,(305) 295-7741,https://fkoc.org,https://www.facebook.com/pages/Florida-Keys-Outreach-coalition/454614947909266,Area Services: Non Profit Agencies,
,Forgotten Soldiers Outreach,,contact@forgottensoldiers.org,(561) 369-2933,https://forgottensoldiers.org,https://www.facebook.com/forgottensoldiers/,Area Services: Non Profit Agencies,
,Friends of Islamorada State Parks,,friendsofislamorada@gmail.com,(305) 664-0655,https://friendsofislamoradaareastateparks.org,https://www.facebook.com/p/Friends-of-the-Islamorada-Area-State-Parks-100070426652296/,Area Services: Non Profit Agencies,
,Friends of the Pool,,,(305) 664-7149,https://swimalligatorlight.com,https://www.facebook.com/swimalligatorlight/,Area Services: Non Profit Agencies,
,Good Health Clinic,,info@thegoodhealthclinic.org,(305) 853-1788,https://thegoodhealthclinic.org,https://www.facebook.com/thegoodhealthclinic/,Area Services: Non Profit Agencies,
,Habitat for Humanity of the Upper Keys,,info@habitatupperkeys.org,(305) 453-0050,https://habitatupperkeys.org,https://www.facebook.com/habitatupperkeys/,Area Services: Non Profit Agencies,
,Islamorada Chamber of Commerce,,info@islamoradachamber.com,(305) 664-4503,https://islamoradachamber.com,https://www.facebook.com/IslamoradaChamber/,Area Services: Non Profit Agencies,
,Islamorada Fishing Club,,info@theislamoradafishingclub.com,(305) 664-4735,https://theislamoradafishingclub.com,https://www.facebook.com/p/Islamorada-Fishing-Club-100057240266998/,Area Services: Non Profit Agencies,
,Islamorada Moose Lodge & Family Center,,,(305) 664-8120,https://facebook.com/IslamoradaMoose,https://www.facebook.com/IslamoradaMoose/,Area Services: Non Profit Agencies,
,Just Older Youth Inc,,justolderyouthinc@gmail.com,(305) 834-8528,https://justolderyouthinc.org,https://www.facebook.com/justolderyouthinc/,Area Services: Non Profit Agencies | Area Services,
,Maria's Hope & Prosperity,,,(305) 509-1106,https://mariahopeandprosperity.org,https://www.facebook.com/MariasHopeandProsperity/,Area Services,
,MarrVelous Pet Rescues & Adoptions,,info@MPRescues.org,(305) 453-1315,https://mpresecues.org,https://www.facebook.com/marrvelouspetrescues/,Area Services,
,Ocean Dreams Cancer Healing Center,,healing@oceandreamshealing.org,(717) 309-8067,https://oceandreamshealing.org,https://www.facebook.com/Oceandreams2019/,Area Services,
,Ocean Reef Community Foundation,,foundation@oceanreef.com,(305) 367-4707,https://orfound.org,https://www.facebook.com/oceanreefcommunityfoundation/,Area Services,
,Plantation Key School PTA,,ptapks@gmail.com,(305) 853-3281,https://pkspta.com,https://www.facebook.com/PKSPanthers/,Area Services,
,Reef Renewal USA,,,(813) 245-3273,https://reefrenewalusa.org,https://www.facebook.com/reefrenewalusa/,Area Services,
,Rotary Club of Key Largo,,keylargorotary@gmail.com,(305) 393-6937,https://keylargorotary.org,https://www.facebook.com/KeyLargoRotary/,Area Services,
,Ryan Shines Burn Foundation,,ryanshines1@gmail.com,(956) 821-9633,https://ryanshines.com,https://www.facebook.com/RyanShinesBurnFoundation1/,Area Services,
,Sereia Films,,,(225) 939-8029,https://sereiafilms.org,https://www.facebook.com/sereiafilms,Area Services,
,Sigma Omega of the Florida Keys,,,(305) 522-6783,,https://www.facebook.com/SigmaOmegaSorority/,Area Services,
,Take Stock in Children Monroe,,chuck.licis@monroecountyedfound.com,(305) 293-1546,https://takestockinchildren.org,https://www.facebook.com/takestockmonroe/,Area Services,
,United Way of Collier & the Florida Keys,,admin@keysunitedway.org,(305) 735-1929,https://keysunitedway.org,https://www.facebook.com/UWCollierKeys/,Area Services,
,Upper Keys Rotary,,,(305) 852-2431,https://keysrotary.org,https://www.facebook.com/people/Upper-Keys-Rotary-Club/61579774656569/,Area Services,
,Voices for Florida Keys Children,,,(305) 301-3624,https://voiceskids.org,https://www.facebook.com/voicesforflkeyschildren/,Area Services,
,Wesley House Family Services,,info@wesleyhouse.org,(305) 809-5000,https://wesleyhouse.org,https://www.facebook.com/WesleyHouseFamilyServices/,Area Services,
,Advanced Care Medical Supplies,,advmedsupplies@hotmail.com,(305) 440-2277,,,"Area Services: Physicians, Medical & Long Term Care",
,Advanced Urgent Care of the Florida Keys,,,(305) 294-0011,https://urgentcarefloridakeys.com,https://www.facebook.com/advancedurgentcarekeylargo/,"Area Services: Physicians, Medical & Long Term Care",
,Baptist Health Mariners Hospital,,,(305) 434-3000,https://baptisthealth.net,https://www.facebook.com/MarinersHospital/,"Area Services: Physicians, Medical & Long Term Care",
,Community Health of South Florida,,chifoundation@chisouthfl.org,(305) 743-0383,https://chisouthfl.org,,"Area Services: Physicians, Medical & Long Term Care",
,Florida Keys Pediatric & Adolescent Center,,FLKeysPeds@gmail.com,(305) 853-0558,,https://www.facebook.com/Keyspeds/,"Area Services: Physicians, Medical & Long Term Care",
,Garrett Chiropractic & Wellness Center,,,(305) 853-1003,https://floridakeyschiropractor.com,https://www.facebook.com/GarrettChiropracticandwellnesscenter/,"Area Services: Physicians, Medical & Long Term Care",
,Islamorada Medical Center / ASAP Urgent Care,,scheduling@islamoradamedicalcenter.com,(305) 852-9300,https://asapmedecine.com,https://www.facebook.com/IslamoradaMedicalCenter/,"Area Services: Physicians, Medical & Long Term Care",
,Janis J. Jeffers Dentistry,,JJJDMD93@gmail.com,(305) 664-4282,,https://www.facebook.com/pages/Janis-J-Jeffers-Dentistry/190937280924748,"Area Services: Physicians, Medical & Long Term Care",
,Keys Dermatology,,,(305) 664-8828,https://keysdermatology.com,https://www.facebook.com/keysdermatology/,"Area Services: Physicians, Medical & Long Term Care",
,Miracle-Ear of the Florida Keys,,,(305) 453-6332,https://miracle-ear.com,,"Area Services: Physicians, Medical & Long Term Care",
,Oasis at the Keys Nursing & Rehabilitation,,info@crystalhrc.com,(305) 853-0799,https://crystalhrc.com,,"Area Services: Physicians, Medical & Long Term Care",
,Overseas Dental,,admin@overseasdental.net,(305) 453-9105,https://overseas-dental.com,https://www.facebook.com/OverseasDental/,"Area Services: Physicians, Medical & Long Term Care",
,Tranquility Bay Adult Day Care,,,(786) 261-4963,https://www.lasmiasmcadcp.com,https://www.facebook.com/pages/Tranquility-Bay-Adult-Daycare/130614614146697/,"Area Services: Physicians, Medical & Long Term Care",
,First Baptist Church of Islamorada,,info@fbcislamorada.org,(305) 664-4910,https://fbcislamorada.org,https://www.facebook.com/FirstBaptistChurchIslamorada/,Area Services: Places Of Worship,
,Pearl Christian Church,,,(305) 339-6095,https://pearlchristianchurch.org,https://www.facebook.com/people/Pearl-Christian-Church/100079828575232/,Area Services: Places Of Worship,
,Islamorada Pools,,info@islamoradapools.com,(305) 852-3133,https://islamoradapools.com,https://www.facebook.com/islamoradapools/,Area Services: Pool Construction & Maintenance,
,Alina Davis Realtor,,Alina@YourFLKeysAgent.com,(305) 393-0541,https://yourflkeysagent.com,https://www.facebook.com/AlinaDavisTeam/,"Area Services: Real Estate, Property Management & Development",
,American Caribbean Real Estate,,marketing@americancaribbean.com,(305) 664-4966,https://americancaribbean.com,https://www.facebook.com/AmericanCaribbeanRealEstate/,"Area Services: Real Estate, Property Management & Development",
,Berkshire Hathaway HomeServices Keys Real Estate,,,(305) 664-4444,https://keysrealestate.com,https://www.facebook.com/BHHSkeysrealestate/,"Area Services: Real Estate, Property Management & Development",
,Better Homes and Gardens Real Estate Destinations,,,(305) 451-1020,https://flkeys-realestate.com,https://www.facebook.com/BHGREDestinations/,"Area Services: Real Estate, Property Management & Development",
,Brett Newman PA / The Newman Team,,brett@brettnewman.com,(305) 393-1770,https://floridakeysluxuryhomes.com,https://www.facebook.com/IslamoradaRealEstate/,"Area Services: Real Estate, Property Management & Development",
ILI,Coastal Realty of the Florida Keys,,,(305) 664-0077,https://coastalrealtyofthefloridakeys.com,https://www.facebook.com/PoppaWahoo,"Area Services: Real Estate, Property Management & Development",
,Coral Island Properties,,,(574) 360-0796,,,"Area Services: Real Estate, Property Management & Development",
,Ewald Wampler Team Ocean Sotheby's International Realty,,info@fishingforhomes.com,(305) 393-2766,https://fishingforhomes.com,https://www.facebook.com/floridakeysrealestateteam/,"Area Services: Real Estate, Property Management & Development",
,Greg Dully Commercial Realtor RE/MAX,,gregdully@remaxcommercialteam.com,(305) 900-4232,https://floridakeyscommercial.com,https://www.facebook.com/FloridaKeysCommercial/,"Area Services: Real Estate, Property Management & Development",
,Heritage Park Hospitality Group,,sales@hphospitality.com,(219) 384-5493,https://hphospitality.com,,"Area Services: Real Estate, Property Management & Development",
,Island Life Property Management,,,(786) 682-6584,,,"Area Services: Real Estate, Property Management & Development",
,Joel Young Realtor American Caribbean Real Estate,,joel@cjoelyoung.com,(305) 432-6610,https://cjoelyoung.com,https://www.facebook.com/homeinthekeys/,"Area Services: Real Estate, Property Management & Development",
,Judy Rossignol Realty One Group Engage the Keys,,islamoradajudy@gmail.com,(305) 393-0523,https://ROGEngagetheKeys.com,https://www.facebook.com/ROGEngagetheKeys/,"Area Services: Real Estate, Property Management & Development",
,Karen Prince Coldwell Banker Schmitt,,karenprincerealtor@gmail.com,(305) 731-9667,https://homesforsaleislamorada.com,https://www.facebook.com/KarenPrinceREALTOR/,"Area Services: Real Estate, Property Management & Development",
ILI,Madeline Rousseau Real Estate,,,(352) 274-2407,https://madelinerousseau.com,https://www.facebook.com/MadelineRousseauRealEstateIslamorada/,"Area Services: Real Estate, Property Management & Development",
,Nancy Hershoff Coldwell Banker Schmitt,,,(305) 393-4061,,,"Area Services: Real Estate, Property Management & Development",
,Ocean Sotheby's International Realty,,marketing@oceansir.com,(305) 712-8888,https://oceansir.com,https://www.facebook.com/p/Ocean-Sothebys-International-Realty-100057636151555/,"Area Services: Real Estate, Property Management & Development",
,Patti Stanley Coldwell Banker Schmitt,,patti.stanley@me.com,(305) 393-4433,https://pattistanley.com,https://www.facebook.com/PattiStanleyNativeConnection/,"Area Services: Real Estate, Property Management & Development",
,Realty One Group Destination,,,(305) 522-0280,https://krissyinthekeys.com,https://www.facebook.com/KrissyintheKeys/,"Area Services: Real Estate, Property Management & Development",
,Sea Haven Realty,,seanna@seahavenrealty.com,(305) 998-4387,https://seahavenrealty.com,https://www.facebook.com/seahavenrealty/,"Area Services: Real Estate, Property Management & Development",
,Sharon J. Kelly Realty,,,(772) 971-6747,,https://www.facebook.com/p/Sharon-J-Kelly-Realty-Inc-100064365810765/,"Area Services: Real Estate, Property Management & Development",
,Taylor Globus Ocean Sotheby's International Realty,,tglobus@oceansir.com,(305) 401-7675,https://movemetothefloridakeys.com,https://www.facebook.com/movemetothefloridakeys/,"Area Services: Real Estate, Property Management & Development",
,Freebee,,support@ridefreebee.com,(305) 330-9450,https://ridefreebee.com,https://www.facebook.com/RideFreebee/,Area Services: Transportation,
ILI,Islamorada Luxury Golf Carts,,,(305) 394-5350,https://www.islamoradaluxurycarts.com,https://www.facebook.com/p/Islamorada-Luxury-Carts-100088250103863/,Area Services: Transportation,
,Florida Keys Aqueduct Authority,,info@fkaa.com,(305) 296-2454,https://fkaa.com,https://www.facebook.com/FKAAwater/,Area Services: Utilities,
,Florida Keys Electric Cooperative,,member.service@fkec.com,(305) 852-2431,https://fkec.com,https://www.facebook.com/FloridaKeysElectricCooperative/,Area Services: Utilities,
,Island Disposal,,support@islanddisposalcompany.com,(305) 393-3300,https://islanddisposalcompany.com,https://www.facebook.com/p/Island-Disposal-61551920404839/,Area Services: Utilities,
,Island Paws Veterinary Hospital,,,(305) 664-0142,https://islandpawsvet.com,https://www.facebook.com/p/Island-Paws-Veterinary-Hospital-100063594968743/,Area Services: Veterinary & Pet Services,
,Keys Pet Nanny,,keyspetnanny@gmail.com,(305) 304-9403,https://keyspetnanny.com,https://www.facebook.com/keyspetnanny/,Area Services: Veterinary & Pet Services,
,Soggy Paws Pet Resort and Spa,,,(305) 852-4644,https://grannies-spa.edan.io,https://www.facebook.com/soggypawspetgrooming2020/,Area Services: Veterinary & Pet Services,
,Upper Keys Veterinary Hospital,,info@upperkeysvet.com,(305) 852-3665,https://upperkeysvet.com,https://www.facebook.com/UpperKeysVeterinaryHospital/,Area Services: Veterinary & Pet Services,
